r_kpc,vobs,verr,vgas,vdisk,vbul,v_bary,v_qds_component,v_model,res_bary,res_qds,res_bary_norm,res_qds_norm
1.74,123.0,5.5,5.18,160.38,0.0,160.46363077034,0.0,160.46363077034,-37.46363077033999,-37.46363077033999,-6.811569230970907,-6.811569230970907
2.61,145.0,5.5,14.22,184.96,0.0,185.50582201106252,0.0,185.50582201106252,-40.50582201106252,-40.50582201106252,-7.364694911102276,-7.364694911102276
3.5,152.0,6.2,24.46,199.67,0.0,201.16262202506704,0.0,201.16262202506704,-49.16262202506704,-49.16262202506704,-7.929455165333393,-7.929455165333393
4.37,157.0,6.6,32.44,188.3,0.0,191.07392182084925,0.0,191.07392182084925,-34.07392182084925,-34.07392182084925,-5.162715427401402,-5.162715427401402
5.24,161.0,8.8,37.39,178.75,0.0,182.61865895904504,0.0,182.61865895904504,-21.618658959045035,-21.618658959045035,-2.456665790800572,-2.456665790800572
6.11,165.0,11.2,41.38,166.45,0.0,171.51649162689867,0.0,171.51649162689867,-6.51649162689867,-6.51649162689867,-0.5818296095445241,-0.5818296095445241
7.07,169.0,25.5,46.55,155.24,0.0,162.0689979607451,0.0,162.0689979607451,6.931002039254906,6.931002039254906,0.2718040015394081,0.2718040015394081
