r_kpc,vobs,verr,vgas,vdisk,vbul,v_bary,v_qds_component,v_model,res_bary,res_qds,res_bary_norm,res_qds_norm
0.21,4.68,3.65,0.92,6.84,0.0,6.901594018775662,2.4572362096054032,7.325981831112873,-2.2215940187756624,-2.6459818311128736,-0.608655895554976,-0.7249265290720202
0.64,13.1,3.44,4.01,16.7,0.0,17.174693592608865,7.235695048620083,18.636667696684007,-4.074693592608865,-5.536667696684008,-1.1845039513397864,-1.6094964234546534
1.06,22.5,2.45,7.7,21.47,0.0,22.809009184968993,11.592972880943442,25.58608841183603,-0.30900918496899266,-3.0860884118360303,-0.1261261979465276,-1.2596279231983796
1.48,30.4,1.71,12.5,23.36,0.0,26.494142748917163,15.664122026937125,30.77830922703157,3.9058572510828355,-0.378309227031572,2.284127047416863,-0.2212334661003345
1.91,36.0,1.7,17.24,23.95,0.0,29.509661129874058,19.555386879568157,35.40103467428016,6.490338870125942,0.5989653257198384,3.817846394191731,0.3523325445410814
2.33,41.9,4.97,19.86,22.61,0.0,30.09371529073803,23.10366942280849,37.9395735452893,11.80628470926197,3.9604264547106993,2.3755100018635757,0.7968664898814285
