r_kpc,vobs,verr,vgas,vdisk,vbul,v_bary,v_qds_component,v_model,res_bary,res_qds,res_bary_norm,res_qds_norm
2.61,179.0,14.7,8.52,197.55,118.24,230.38943226632597,17.130041745425082,231.02538568347853,-51.38943226632597,-52.02538568347853,-3.4958797460085695,-3.5391418832298323
5.24,195.0,6.8,19.72,177.52,83.47,197.1534166581954,33.46100795008086,199.97277002891013,-2.153416658195397,-4.9727700289101335,-0.3166789203228525,-0.7312897101338431
7.85,181.0,9.8,23.38,148.4,68.2,164.98613396282732,48.794220657797716,172.05028442174066,16.013866037172676,8.949715578259344,1.6340679629768036,0.9132362834958514
10.65,162.0,20.4,20.04,126.45,58.55,140.78105909532007,64.32938006777472,154.78234957482786,21.218940904679926,7.217650425172138,1.040144161994114,0.3538063933907911
13.47,145.0,9.6,20.8,110.59,52.06,123.98803047068697,79.07286228025626,147.0562791899495,21.011969529313035,-2.0562791899494925,2.188746825970108,-0.21419574895307214
16.03,147.0,17.9,22.85,100.09,47.73,113.21785857363669,91.71655936843747,145.70590503608327,33.78214142636331,1.2940949639167343,1.8872704707465537,0.07229580804004103
18.58,150.0,21.0,23.38,92.33,44.33,105.05523404381145,103.6484215238931,147.57912279314655,44.94476595618855,2.420877206853447,2.140226950294693,0.1152798669930213
