r_kpc,vobs,verr,vgas,vdisk,vbul,v_bary,v_qds_component,v_model,res_bary,res_qds,res_bary_norm,res_qds_norm
0.1,13.9,3.84,2.8,7.62,0.0,8.118152499183543,9.934529476064618,12.829624932584613,5.781847500816458,1.0703750674153873,1.5056894533376193,0.2787435071394238
0.3,29.9,3.92,7.72,17.26,0.0,18.90782906628892,26.470994593083454,32.53028673016968,10.99217093371108,-2.6302867301696793,2.804125238191602,-0.6709915127983875
0.51,46.7,4.1,11.07,20.43,0.0,23.236389564646224,39.94946710403524,46.21568696769955,23.46361043535378,0.48431303230045586,5.722831813500922,0.11812512982937949
0.71,60.4,9.4,11.87,21.37,0.0,24.445322660991817,49.908871670997506,55.57399815985978,35.954677339008185,4.826001840140222,3.8249656743625726,0.513404451078747
