r_kpc,vobs,verr,vgas,vdisk,vbul,v_bary,v_qds_component,v_model,res_bary,res_qds,res_bary_norm,res_qds_norm
0.7,41.3,3.05,2.87,20.97,0.0,21.16548605631347,40.90603497824281,46.05737180562112,20.134513943686528,-4.757371805621126,6.601479981536567,-1.5597940346298775
1.4,68.7,3.07,6.75,32.22,0.0,32.91946080967912,58.11759675284324,66.7933076911609,35.78053919032088,1.906692308839098,11.654898759062176,0.6210724133026377
2.09,83.8,3.05,14.14,40.91,0.0,43.284728253738635,65.29404668175547,78.33824246228187,40.51527174626136,5.461757537718128,13.283695654511924,1.7907401763010258
2.79,88.7,3.05,20.18,46.75,0.0,50.91949430228073,68.37905988946717,85.2554439984177,37.78050569771927,3.444556001582299,12.387051048432548,1.1293626234696064
3.49,90.1,3.05,24.08,50.1,0.0,55.58647677268276,69.67710540837969,89.13335749364799,34.513523227317236,0.9666425063520023,11.315909254858111,0.31693196929573847
4.19,91.6,3.05,26.71,49.34,0.0,56.10579025376971,70.2232690892862,89.8841878284846,35.49420974623028,1.7158121715153953,11.63744581843616,0.5625613677099657
4.89,92.7,3.05,28.08,47.94,0.0,55.558347707612754,70.453072098499,89.72382831843667,37.14165229238725,2.9761716815633292,12.177590915536804,0.97579399395519
5.59,91.5,3.05,29.25,45.47,0.0,54.06554725516057,70.54976366714308,88.88392741935823,37.43445274483943,2.61607258064177,12.273591063881781,0.8577287149645149
