r_kpc,vobs,verr,vgas,vdisk,vbul,v_bary,v_qds_component,v_model,res_bary,res_qds,res_bary_norm,res_qds_norm
1.48,24.35,2.92,9.7,18.56,0.0,20.941910132554764,17.946477624624762,27.579696501795613,3.408089867445238,-3.229696501795612,1.1671540641935747,-1.106060445820415
2.97,43.55,1.4,18.44,19.59,0.0,26.903562961065212,32.157341182592965,41.92727384333126,16.646437038934785,1.6227261566687403,11.890312170667704,1.1590901119062431
4.45,54.15,0.67,22.96,18.92,0.0,29.751100819969672,43.258914386155254,52.502015902903295,24.398899180030327,1.6479840970967032,36.416267432881085,2.459677756860751
5.94,60.15,0.48,21.83,18.18,0.0,28.408824333294753,52.049661259967955,59.29779538294328,31.741175666705246,0.8522046170567208,66.12744930563593,1.775426285534835
7.39,63.75,0.95,21.02,16.53,0.0,26.741004094835333,58.79351382435599,64.58915209084834,37.00899590516467,-0.8391520908483443,38.95683779491018,-0.8833179903666782
