r_kpc,vobs,verr,vgas,vdisk,vbul,v_bary,v_qds_component,v_model,res_bary,res_qds,res_bary_norm,res_qds_norm
4.51,69.75,4.15,19.36,43.61,0.0,47.714166659389534,55.091806843398246,72.88174587144782,22.035833340610466,-3.1317458714478192,5.309839359183244,-0.7546375593850166
9.01,97.7,1.63,33.73,40.02,0.0,52.33844953760094,81.61812550911243,96.95788627863764,45.361550462399066,0.7421137213623581,27.829172062821513,0.45528449163334855
13.51,108.0,0.99,39.28,33.41,0.0,51.56691284147229,94.43034631510731,107.5929217243918,56.43308715852771,0.40707827560819965,57.003118341947186,0.41119017738201985
18.01,107.5,2.32,36.27,28.28,0.0,45.99207866578766,100.61865325849557,110.6317526009299,61.50792133421234,-3.1317526009299,26.51203505785015,-1.3498933624697846
