r_kpc,vobs,verr,vgas,vdisk,vbul,v_bary,v_qds_component,v_model,res_bary,res_qds,res_bary_norm,res_qds_norm
0.87,23.4,5.55,3.13,27.44,0.0,27.61793801137225,8.875380557640042,29.009013772324888,-4.217938011372251,-5.609013772324889,-0.759988830877883,-1.0106331121306107
1.74,28.0,5.2,4.07,38.72,0.0,38.93331863584198,17.31049518613335,42.60817460991665,-10.933318635841978,-14.608174609916652,-2.102561276123457,-2.8092643480608945
2.61,36.7,4.25,7.08,40.85,0.0,41.45900264116348,25.327183409668066,48.58307441349267,-4.759002641163477,-11.883074413492665,-1.1197653273325827,-2.796017509057098
3.5,47.6,4.25,10.56,41.42,0.0,42.74494122115505,33.116833581062544,54.072679482672136,4.855058778844949,-6.4726794826721346,1.142366771492929,-1.522983407687561
4.37,63.3,4.75,13.36,40.22,0.0,42.38086832522429,40.34944362173432,58.51679759337071,20.919131674775706,4.783202406629286,4.404027721005412,1.0069899803430076
5.24,71.2,5.25,17.35,39.25,0.0,42.91369245357477,47.223277860170654,63.80927026583899,28.286307546425235,7.390729734161013,5.387868104080997,1.4077580446020979
6.11,68.1,6.0,19.51,37.01,0.0,41.83754533908508,53.75613347823887,68.11829480051767,26.262454660914912,-0.018294800517679732,4.377075776819152,-0.003049133419613289
6.98,74.4,6.0,20.91,34.75,0.0,40.556018049113256,59.96492482323267,72.391869771791,33.84398195088675,2.008130228209012,5.640663658481125,0.3346883713681687
