r_kpc,vobs,verr,vgas,vdisk,vbul,v_bary,v_qds_component,v_model,res_bary,res_qds,res_bary_norm,res_qds_norm
0.62,29.9,1.42,1.81,21.8,0.0,21.87501085714016,15.814946528898146,26.99312197045587,8.024989142859837,2.906878029544128,5.651400804830872,2.0470972039043156
0.87,34.4,2.31,2.95,28.35,0.0,28.50307001008839,21.050531063405465,35.433738979275084,5.896929989911609,-1.0337389792750855,2.552783545416281,-0.4475060516342361
1.12,46.3,2.05,4.13,31.91,0.0,32.17615576789745,25.732295700860313,41.20019468444918,14.123844232102549,5.099805315550817,6.889680113220756,2.487709910024789
1.37,49.8,1.87,5.34,34.28,0.0,34.693428772607646,29.918823485113787,45.81233456977931,15.106571227392351,3.9876654302206873,8.07838033550393,2.132441406535127
1.62,57.6,2.76,6.6,35.59,0.0,36.196796819608224,33.66250054826803,49.43047686561546,21.403203180391777,8.16952313438454,7.754783761011514,2.9599721501393264
2.3,71.3,7.5,10.14,39.66,0.0,40.93574477153188,41.96100612632614,58.621337711908104,30.364255228468117,12.678662288091893,4.048567363795749,1.690488305078919
4.97,76.65,1.09,23.98,41.54,0.0,47.96469534980911,58.23552246414838,75.44526543576032,28.685304650190893,1.2047345642396863,26.316793257055863,1.1052610681098038
7.45,81.0,0.63,33.08,37.03,0.0,49.6538749746684,62.97641928043041,80.19686206694479,31.346125025331602,0.8031379330552113,49.75575400846286,1.2748221159606528
9.98,83.85,1.04,33.72,31.94,0.0,46.44568871273199,64.5572683725626,79.52888091584762,37.404311287268,4.321119084152372,35.96568393006538,4.154922196300357
