r_kpc,vobs,verr,vgas,vdisk,vbul,v_bary,v_qds_component,v_model,res_bary,res_qds,res_bary_norm,res_qds_norm
0.91,26.0,4.1,-3.26,30.14,0.0,30.315791264619833,19.919506139162287,36.27442521706063,-4.315791264619833,-10.274425217060632,-1.0526320157609348,-2.5059573700147886
1.82,45.1,3.02,5.75,35.45,0.0,35.91329837260844,33.179282086513155,48.89406671342048,9.186701627391564,-3.7940667134204773,3.041954181255485,-1.2563134812650587
2.73,57.0,2.97,15.79,36.37,0.0,39.64972887675274,42.005889380168625,57.763273302497005,17.35027112324726,-0.7632733024970051,5.841842129039481,-0.25699437794511953
3.63,62.0,2.85,22.36,38.25,0.0,44.306118087686265,47.82904403951053,65.19700571140854,17.693881912313735,-3.1970057114085364,6.208379618355696,-1.1217563899679075
4.55,66.9,2.75,25.59,37.1,0.0,45.06948080464207,51.79266973725107,68.65667293506118,21.830519195357937,-1.7566729350611752,7.9383706164937955,-0.6387901582040637
5.45,70.6,2.86,27.95,35.74,0.0,45.371247503237115,54.37298970247249,70.81646778246694,25.22875249676288,-0.21646778246694964,8.821242131735273,-0.07568803582760478
6.37,72.8,2.66,28.63,34.29,0.0,44.670807022036215,56.129326794797,71.73550255234235,28.129192977963783,1.0644974476576436,10.574884578181873,0.4001870103976104
7.28,73.3,2.66,31.18,33.63,0.0,45.86032381045734,57.28299759196525,73.37922807662326,27.43967618954266,-0.07922807662326647,10.315667740429571,-0.029784991211754312
8.18,74.3,2.67,32.26,33.14,0.0,46.248969718254266,58.044105824650046,74.2164767486518,28.05103028174573,0.08352325134819694,10.506003850841099,0.03128211660981159
