r_kpc,vobs,verr,vgas,vdisk,vbul,v_bary,v_qds_component,v_model,res_bary,res_qds,res_bary_norm,res_qds_norm
0.52,7.31,2.12,-3.67,11.19,0.0,11.776459569836767,4.045025500185604,12.451796308049364,-4.4664595698367675,-5.141796308049364,-2.106820551809796,-2.4253756170044167
1.05,14.6,2.05,-4.64,16.58,0.0,17.217026456389036,8.043189915168409,19.003128795318595,-2.617026456389036,-4.403128795318596,-1.276598271409286,-2.1478677050334616
1.57,21.0,2.05,2.4,20.63,0.0,20.769133347349857,11.847305320502517,23.91057388180399,0.2308666526501426,-2.910573881803991,0.11261787934153299,-1.4197921374653617
2.09,28.1,2.06,12.6,23.82,0.0,26.94721506946497,15.537479638682056,31.105717698237722,1.1527849305350308,-3.0057176982377207,0.55960433521118,-1.459086261280447
2.63,35.3,2.5,16.76,25.79,0.0,30.75746576036459,19.252642286179064,36.286167267976516,4.542534239635408,-0.9861672679765192,1.8170136958541634,-0.3944669071906077
3.15,43.0,3.38,17.12,27.83,0.0,32.674199301589624,22.721011518363586,39.797583650488264,10.325800698410376,3.2024163495117364,3.0549706208314724,0.947460458435425
3.68,46.6,3.15,20.09,26.92,0.0,33.590095266313256,26.149200151909938,42.56847623047655,13.009904733686746,4.031523769523453,4.130128486884681,1.2798488157217311
4.2,48.0,3.0,22.95,25.81,0.0,34.53778510559124,29.411003279463667,45.3637048079698,13.46221489440876,2.6362951920301967,4.48740496480292,0.8787650640100656
