r_kpc,vobs,verr,vgas,vdisk,vbul,v_bary,v_qds_component,v_model,res_bary,res_qds,res_bary_norm,res_qds_norm
0.87,26.6,4.4,0.0,6.92,0.0,6.92,26.760378832326424,27.640627258613797,19.68,-1.040627258613796,4.472727272727273,-0.23650619513949905
1.74,45.2,2.7,0.0,10.96,0.0,10.96,44.89542944725297,46.213863561200654,34.24,-1.013863561200651,12.681481481481482,-0.3755050226669078
2.61,57.0,3.9,8.65,14.33,0.0,16.738321301731546,57.18524278908289,59.584590229742766,40.261678698268454,-2.5845902297427656,10.323507358530373,-0.6627154435237861
3.5,69.3,3.0,16.06,16.78,0.0,23.226967085695886,65.66976512106088,69.65637121653197,46.07303291430411,-0.35637121653196857,15.35767763810137,-0.11879040551065619
4.37,77.3,3.4,18.32,18.48,0.0,26.021775496687386,71.2636544325263,75.86594257688047,51.278224503312615,1.4340574231195262,15.081830736268417,0.4217815950351548
5.24,80.7,3.9,22.41,20.02,0.0,30.05009983344481,75.05453745527245,80.84671973942353,50.64990016655519,-0.14671973942353134,12.987153888860306,-0.037620446006033675
6.11,84.0,3.0,23.49,21.36,0.0,31.749483460365145,77.6235539824122,83.86564155159407,52.25051653963486,0.13435844840593347,17.41683884654495,0.04478614946864449
6.98,85.0,3.0,25.65,22.68,0.0,34.23893835970969,79.36453250301456,86.43514284954965,50.76106164029031,-1.4351428495496492,16.92035388009677,-0.47838094984988305
7.85,85.7,3.4,24.46,24.0,0.0,34.26793836810146,80.54436384204196,87.531058183477,51.43206163189854,-1.8310581834769977,15.127076950558395,-0.5385465245520582
