r_kpc,vobs,verr,vgas,vdisk,vbul,v_bary,v_qds_component,v_model,res_bary,res_qds,res_bary_norm,res_qds_norm
0.56,16.9,3.93,3.56,6.92,0.0,7.782030583337488,17.36474262027363,19.028775217242636,9.117969416662511,-2.1287752172426373,2.320093999150766,-0.5416730832678466
1.11,27.4,3.93,3.93,11.04,0.0,11.718638999474297,25.9440057232046,28.467840328442076,15.681361000525701,-1.0678403284420774,3.99016819351799,-0.271715096295694
1.67,33.5,3.93,3.56,13.76,0.0,14.213064412715505,30.344403539957256,33.50811881015958,19.286935587284496,-0.008118810159579937,4.907617197782314,-0.0020658550024376427
2.23,36.4,3.93,8.55,16.36,0.0,18.459471823429833,32.54590134189771,37.4164107599398,17.940528176570165,-1.0164107599398022,4.565019892257039,-0.2586286920966418
2.79,39.8,3.93,12.27,16.13,0.0,20.266469845535507,33.647300073052726,39.279391571230505,19.53353015446449,0.5206084287694921,4.970363906988419,0.13247033810928552
3.34,41.2,3.93,12.47,16.4,0.0,20.602448883567217,34.19145956348947,39.91887782843771,20.597551116432786,1.281122171562295,5.2411071543085965,0.32598528538480787
3.9,42.6,3.93,13.27,17.86,0.0,22.250224717966333,34.47056491379222,41.0279459085629,20.34977528203367,1.5720540914371028,5.178059868201951,0.40001376372445363
4.46,44.5,3.93,15.66,16.94,0.0,23.069442992842287,34.61019997425473,41.594051765341426,21.430557007157713,2.905948234658574,5.453067940752598,0.7394270317197389
