r_kpc,vobs,verr,vgas,vdisk,vbul,v_bary,v_qds_component,v_model,res_bary,res_qds,res_bary_norm,res_qds_norm
0.08,5.11,2.79,1.47,3.91,0.0,4.177200019151585,2.55423218226479,4.896233454495114,0.9327999808484151,0.21376654550488627,0.33433691069835664,0.07661883351429616
0.24,10.8,1.94,4.46,8.92,0.0,9.972863179649062,6.963536085527501,12.163422002645623,0.8271368203509386,-1.3634220026456223,0.4263591857479065,-0.7027948467245476
0.4,17.3,1.56,7.28,9.95,0.0,12.328864505703677,10.581253949802914,16.246963874835807,4.971135494296323,1.0530361251641942,3.186625316856617,0.6750231571565347
0.57,20.8,1.25,9.38,9.7,0.0,13.493494728942537,13.716228964091622,19.24082474831539,7.306505271057464,1.5591752516846107,5.845204216845971,1.2473402013476886
0.73,20.8,1.62,10.63,9.13,0.0,14.012630017238022,16.12166082460917,21.360284355404495,6.7873699827619784,-0.5602843554044945,4.18973455726048,-0.3458545403731447
0.89,22.9,1.76,11.34,8.44,0.0,14.136095642008085,18.09525439039906,22.962304576267087,8.763904357991914,-0.06230457626708841,4.979491112495405,-0.03540032742448205
1.05,24.3,2.23,11.95,7.79,0.0,14.26487294019824,19.714535995029188,24.33412273946405,10.035127059801761,-0.03412273946404909,4.500056977489579,-0.015301676889708113
1.21,24.2,1.23,12.36,7.22,0.0,14.3142586255803,21.04311395583342,25.450160018321913,9.8857413744197,-1.250160018321914,8.037188109284308,-1.016390258798304
