r_kpc,vobs,verr,vgas,vdisk,vbul,v_bary,v_qds_component,v_model,res_bary,res_qds,res_bary_norm,res_qds_norm
1.02,56.1,3.4,4.05,24.58,0.0,24.911421075482625,49.45609654849543,55.37584659230143,31.188578924517376,0.724153407698573,9.173111448387465,0.21298629638193323
2.04,71.1,3.0,7.98,36.06,0.0,36.93242477823518,63.464287505482154,73.42833096685841,34.167575221764814,-2.3283309668584167,11.389191740588272,-0.7761103222861389
3.05,80.7,1.5,14.47,40.35,0.0,42.866110157092635,67.41252570142188,79.88712049789294,37.83388984290737,0.8128795021070658,25.22259322860491,0.5419196680713773
4.07,82.8,1.5,19.07,42.21,0.0,46.31791230182984,68.55035587792527,82.73149515746832,36.482087698170155,0.06850484253168077,24.321391798780102,0.04566989502112051
5.09,83.7,1.5,21.9,39.32,0.0,45.007470491019596,68.87264056073384,82.27461952393362,38.69252950898041,1.4253804760663797,25.795019672653606,0.9502536507109198
6.11,86.0,1.5,24.6,37.93,0.0,45.20890288427712,68.96392607848325,82.4613121418675,40.79109711572288,3.538687858132505,27.19406474381525,2.3591252387550035
7.13,88.3,2.3,26.68,36.09,0.0,44.881070620028666,68.98978224290954,82.30370923551428,43.41892937997133,5.996290764485721,18.877795382596233,2.6070829410807486
8.14,90.0,3.0,25.72,33.53,0.0,42.25848198882681,68.9970698574418,80.90967154124841,47.74151801117319,9.090328458751586,15.91383933705773,3.0301094862505287
