r_kpc,vobs,verr,vgas,vdisk,vbul,v_bary,v_qds_component,v_model,res_bary,res_qds,res_bary_norm,res_qds_norm
0.36,9.31,3.23,2.82,9.53,0.0,9.938475738260871,4.198205461897349,10.788801096521555,-0.628475738260871,-1.4788010965215541,-0.1945745319693099,-0.4578331568178186
0.72,15.9,3.23,5.91,14.9,0.0,16.02928881766125,8.158974185275166,17.986299223464137,-0.12928881766124967,-2.0862992234641364,-0.04002749772794107,-0.6459130722799185
1.08,21.4,3.23,7.85,16.55,0.0,18.317341510164624,11.895734813707582,21.84109673890152,3.0826584898353744,-0.44109673890152123,0.9543834333855649,-0.13656245786424806
1.45,26.1,3.23,9.57,17.31,0.0,19.779307369066288,15.516185041503482,25.13907313808877,6.3206926309337135,0.9609268619112328,1.9568707835708092,0.2975005764431061
1.8,29.7,3.23,11.59,16.91,0.0,20.500639014430746,18.747191913438908,27.780090076155425,9.199360985569253,1.9199099238445747,2.84809937633723,0.5943993572274225
2.17,31.1,3.23,14.33,15.67,0.0,21.234354240240037,21.96970114773272,30.55430523708056,9.865645759759964,0.5456947629194424,3.0543794921857472,0.1689457470338831
2.53,32.1,3.23,16.45,15.47,0.0,22.581483565080486,24.92537233299442,33.63328092735533,9.518516434919515,-1.533280927355328,2.946909112978178,-0.47469997750938947
