r_kpc,vobs,verr,vgas,vdisk,vbul,v_bary,v_qds_component,v_model,res_bary,res_qds,res_bary_norm,res_qds_norm
0.59,45.3,4.31,4.24,45.76,0.0,45.956013752282736,19.97382771982241,50.10897119060763,-0.656013752282739,-4.808971190607636,-0.15220736711896496,-1.1157705778672011
1.18,59.8,4.31,11.75,48.85,0.0,50.24325825421755,29.60268477242982,58.315554920928676,9.556741745782446,1.484445079071321,2.217341472339315,0.34441881184949447
1.77,60.7,4.31,15.81,45.2,0.0,47.885238852907484,34.244503528458026,58.870044351185726,12.814761147092518,1.829955648814277,2.9732624471212343,0.42458367721908985
2.36,58.8,4.31,19.15,42.05,0.0,46.2052486196103,36.48220227568168,58.8716916937483,12.594751380389695,-0.0716916937483063,2.9222160975382128,-0.016633803653899378
2.95,57.9,4.31,20.97,38.14,0.0,43.524711371817276,37.5609379925434,57.491082463976014,14.375288628182723,0.40891753602398495,3.3353337884414676,0.09487645847424246
3.54,56.9,4.31,21.99,34.5,0.0,40.91222433454334,38.080968112002935,55.892488156704786,15.98777566545666,1.0075118432952124,3.7094607112428446,0.23376144856037412
4.13,55.9,4.31,22.39,31.16,0.0,38.370010424809635,38.331660956337274,54.23627874100132,17.529989575190363,1.6637212589986774,4.067282964081291,0.38601421322475116
