r_kpc,vobs,verr,vgas,vdisk,vbul,v_bary,v_qds_component,v_model,res_bary,res_qds,res_bary_norm,res_qds_norm
0.76,15.1,8.69,0.58,17.55,0.0,17.559581430091097,7.285883550964395,19.01112829682167,-2.459581430091097,-3.911128296821671,-0.28303583775501695,-0.45007230113022684
1.51,28.0,8.69,10.02,30.38,0.0,31.989760861875787,14.165333294693399,34.98573233976601,-3.989760861875787,-6.98573233976601,-0.45912092771873275,-0.8038817422055248
2.27,37.6,8.69,14.0,35.0,0.0,37.69615364994153,20.83542347545651,43.07104446610976,-0.09615364994152742,-5.47104446610976,-0.011064861903512937,-0.6295793401737353
3.03,47.9,8.69,14.92,36.8,0.0,39.70952530564927,27.215552437058115,48.14075918028568,8.190474694350726,-0.24075918028567855,0.9425172260472643,-0.027705314187074635
3.78,58.8,8.69,19.48,36.55,0.0,41.41706049443876,33.239773966653964,53.10607755572093,17.38293950556124,5.6939224442790675,2.0003382630104993,0.6552269786282011
