r_kpc,vobs,verr,vgas,vdisk,vbul,v_bary,v_qds_component,v_model,res_bary,res_qds,res_bary_norm,res_qds_norm
0.21,16.4,3.3,3.43,15.55,0.0,15.923799797786959,8.968454834802685,18.275682808691325,0.4762002022130396,-1.8756828086913266,0.14430309157970897,-0.5683887299064626
0.41,26.2,3.3,6.87,25.1,0.0,26.023199265270982,16.761333218397166,30.95398506264007,0.17680073472901725,-4.753985062640069,0.053575980220914324,-1.4406015341333545
0.62,35.2,3.3,10.25,25.64,0.0,27.61289734888391,24.227306694476486,36.734649714788695,7.587102651116094,-1.5346497147886922,2.2991220154897256,-0.4650453681177855
0.82,44.0,3.3,12.77,24.3,0.0,27.451100160102875,30.71464753366446,41.19408298672566,16.548899839897125,2.805917013274339,5.0148181333021595,0.8502778828104058
