r_kpc,vobs,verr,vgas,vdisk,vbul,v_bary,v_qds_component,v_model,res_bary,res_qds,res_bary_norm,res_qds_norm
3.48,46.2,5.0,13.28,38.73,0.0,40.94351352778606,40.34802851131087,57.48334284598935,5.256486472213943,-11.283342845989345,1.0512972944427887,-2.256668569197869
6.94,81.1,5.0,23.37,40.0,0.0,46.32663272891739,63.232568191552886,78.3869541448026,34.773367271082606,2.713045855197393,6.954673454216521,0.5426091710394786
10.42,91.2,5.0,31.3,39.75,0.0,50.59399667944805,76.36662908434445,91.6057560293339,40.606003320551956,-0.40575602933390087,8.121200664110392,-0.08115120586678018
13.89,97.7,5.0,35.52,35.72,0.0,50.37448560531413,83.83204005093587,97.80286160998418,47.325514394685875,-0.10286160998417415,9.465102878937175,-0.02057232199683483
16.22,100.0,5.0,46.95,33.5,0.0,57.67627328460119,86.94579556135619,104.33658929540081,42.32372671539881,-4.336589295400813,8.464745343079763,-0.8673178590801627
