r_kpc,vobs,verr,vgas,vdisk,vbul,v_bary,v_qds_component,v_model,res_bary,res_qds,res_bary_norm,res_qds_norm
1.1,33.2,5.06,3.45,21.28,0.0,21.557850078335733,22.893829360893843,31.44627677175352,11.64214992166427,1.753723228246482,2.3008201426213972,0.3465856182305301
2.21,54.6,5.06,6.51,35.54,0.0,36.13131190532666,36.99037317722856,51.7084075155156,18.46868809467334,2.8915924844843985,3.649938358631095,0.5714609653131223
3.31,65.7,5.06,11.85,39.59,0.0,41.32542316782734,45.5113021390176,61.47413458023584,24.374576832172664,4.225865419764162,4.817110045883926,0.8351512687280953
4.42,69.2,5.06,18.75,38.75,0.0,43.047938394306414,50.7579407232516,66.55444047143003,26.15206160569359,2.645559528569976,5.168391621678575,0.5228378514960427
5.52,70.9,5.06,26.75,39.1,0.0,47.37480870673781,53.92937304360765,71.7826565186647,23.525191293262196,-0.8826565186646889,4.649247291158537,-0.17443804716693456
6.64,72.4,5.06,30.8,37.98,0.0,48.8990838359984,55.89569196221999,74.26606748667513,23.50091616400161,-1.8660674866751208,4.644449834782927,-0.36878804084488553
7.74,73.2,5.06,30.9,35.45,0.0,47.02672112746114,57.070810634177136,73.94991498603704,26.173278872538866,-0.7499149860370409,5.172584757418749,-0.1482045426950674
