r_kpc,vobs,verr,vgas,vdisk,vbul,v_bary,v_qds_component,v_model,res_bary,res_qds,res_bary_norm,res_qds_norm
1.1,26.9,8.27,3.02,29.07,0.0,29.22644863817703,0.0,29.22644863817703,-2.3264486381770304,-2.3264486381770304,-0.28131180630919356,-0.28131180630919356
2.2,38.0,8.27,-3.24,37.16,0.0,37.30098122033789,0.0,37.30098122033789,0.6990187796621115,0.6990187796621115,0.08452464082975955,0.08452464082975955
3.3,40.5,8.27,12.42,41.22,0.0,43.05049128639533,0.0,43.05049128639533,-2.550491286395328,-2.550491286395328,-0.30840281576727063,-0.30840281576727063
4.39,41.4,8.27,16.39,45.0,0.0,47.89187926987205,0.0,47.89187926987205,-6.491879269872051,-6.491879269872051,-0.7849914473847704,-0.7849914473847704
5.5,42.3,8.27,20.17,46.13,0.0,50.34685491666784,0.0,50.34685491666784,-8.04685491666784,-8.04685491666784,-0.9730175231762805,-0.9730175231762805
6.59,42.3,8.27,25.63,47.72,0.0,54.16728994513201,0.0,54.16728994513201,-11.867289945132015,-11.867289945132015,-1.4349806463279342,-1.4349806463279342
7.69,42.3,8.27,31.39,46.74,0.0,56.30239515331475,0.0,56.30239515331475,-14.002395153314751,-14.002395153314751,-1.6931553994334645,-1.6931553994334645
