r_kpc,vobs,verr,vgas,vdisk,vbul,v_bary,v_qds_component,v_model,res_bary,res_qds,res_bary_norm,res_qds_norm
0.78,28.1,5.66,6.39,20.31,0.0,21.291505348377786,18.072312684243826,27.92734655775733,6.808494651622215,0.1726534422426731,1.2029142494032183,0.030504141738988178
1.55,31.3,5.66,10.35,23.49,0.0,25.66909815322696,18.43774333827803,31.604635410145384,5.630901846773039,-0.30463541014538364,0.9948589835288054,-0.05382251062639287
2.34,33.0,5.66,14.5,22.94,0.0,27.138415576448086,18.445535695876963,32.81358540464409,5.861584423551914,0.1864145953559131,1.0356156225356739,0.03293544087560302
3.12,33.4,5.66,17.55,22.52,0.0,28.550882648352573,18.44568558437019,33.99111967378307,4.8491173516474255,-0.5911196737830693,0.8567345144253402,-0.10443810490866948
3.89,34.3,5.66,17.55,22.05,0.0,28.181642961332116,18.44568861518595,33.681574020351256,6.118357038667881,0.618425979648741,1.0809818089519223,0.1092625405739825
