r_kpc,vobs,verr,vgas,vdisk,vbul,v_bary,v_qds_component,v_model,res_bary,res_qds,res_bary_norm,res_qds_norm
1.61,23.4,10.0,5.21,28.61,0.0,29.080512375128468,0.0,29.080512375128468,-5.680512375128469,-5.680512375128469,-0.5680512375128469,-0.5680512375128469
3.23,40.6,5.0,10.57,37.58,0.0,39.03820308364615,0.0,39.03820308364615,1.561796916353849,1.561796916353849,0.3123593832707698,0.3123593832707698
4.84,45.5,5.0,15.71,39.1,0.0,42.138036261790845,0.0,42.138036261790845,3.3619637382091554,3.3619637382091554,0.6723927476418311,0.6723927476418311
6.45,49.2,5.0,20.94,44.01,0.0,48.7377030644654,0.0,48.7377030644654,0.46229693553460294,0.46229693553460294,0.09245938710692059,0.09245938710692059
8.06,50.4,5.0,25.97,48.52,0.0,55.03300191703157,0.0,55.03300191703157,-4.633001917031571,-4.633001917031571,-0.9266003834063141,-0.9266003834063141
9.66,50.4,5.0,29.26,49.44,0.0,57.449640555881636,0.0,57.449640555881636,-7.049640555881638,-7.049640555881638,-1.4099281111763275,-1.4099281111763275
