r_kpc,vobs,verr,vgas,vdisk,vbul,v_bary,v_qds_component,v_model,res_bary,res_qds,res_bary_norm,res_qds_norm
9.19,248.0,7.0,0.0,218.11,0.0,218.11,71.11974234480266,229.41227048959504,29.889999999999986,18.587729510404955,4.269999999999998,2.6553899300578507
13.79,264.0,6.6,6.57,246.64,0.0,246.72749036132961,96.17231313105641,264.8085503018699,17.272509638670385,-0.8085503018699001,2.6170469149500586,-0.12250762149543941
18.35,272.0,5.7,31.53,243.17,0.0,245.20560719526785,115.92332324689136,271.2268546302214,26.794392804732155,0.7731453697786037,4.700770667496869,0.13563953855764976
22.94,271.0,5.7,46.25,231.91,0.0,236.47687117348283,131.7396161408337,270.69657748286033,34.523128826517166,0.3034225171396656,6.056689267810029,0.05323202055081853
27.52,264.0,5.3,52.31,206.95,0.0,213.45875151888245,144.2881023166548,257.6503348923526,50.54124848111755,6.349665107647411,9.536084619078784,1.1980500203108322
32.11,242.0,7.4,49.34,187.25,0.0,193.64141628277767,154.28765744195914,247.59175943259365,48.35858371722233,-5.591759432593648,6.534943745570585,-0.7556431665667092
36.7,244.0,5.3,46.74,173.25,0.0,179.44411414142286,162.2366134836648,241.91095232470985,64.55588585857714,2.0890476752901463,12.180355822373047,0.3941599387339899
41.44,241.0,6.2,45.26,161.14,0.0,167.37552748236521,168.73850648429223,237.67046676133222,73.62447251763479,3.3295332386677785,11.874914922199158,0.5370214901077062
46.02,237.0,8.6,44.89,151.17,0.0,157.69426432181987,173.7143755148335,234.6149297476795,79.30573567818013,2.385070252320503,9.221597171881411,0.27733375026982593
