r_kpc,vobs,verr,vgas,vdisk,vbul,v_bary,v_qds_component,v_model,res_bary,res_qds,res_bary_norm,res_qds_norm
0.21,4.68,3.65,0.92,6.84,0.0,6.901594018775662,2.31940985543606,7.280910799995693,-2.2215940187756624,-2.6009107999956935,-0.608655895554976,-0.7125783013686832
0.64,13.1,3.44,4.01,16.7,0.0,17.174693592608865,6.908067727534458,18.511928579383703,-4.074693592608865,-5.411928579383703,-1.1845039513397864,-1.5732350521464253
1.06,22.5,2.45,7.7,21.47,0.0,22.809009184968993,11.189429947089021,25.405791515731458,-0.30900918496899266,-2.905791515731458,-0.1261261979465276,-1.1860373533597788
1.48,30.4,1.71,12.5,23.36,0.0,26.494142748917163,15.281406450776203,30.58530665391185,3.9058572510828355,-0.18530665391185153,2.284127047416863,-0.10836646427593656
1.91,36.0,1.7,17.24,23.95,0.0,29.509661129874058,19.283353383579417,35.251493836658945,6.490338870125942,0.7485061633410552,3.817846394191731,0.4402977431417972
2.33,41.9,4.97,19.86,22.61,0.0,30.09371529073803,23.01729583044367,37.88703745802988,11.80628470926197,4.0129625419701185,2.3755100018635757,0.8074371311811104
