r_kpc,vobs,verr,vgas,vdisk,vbul,v_bary,v_qds_component,v_model,res_bary,res_qds,res_bary_norm,res_qds_norm
0.62,29.9,1.42,1.81,21.8,0.0,21.87501085714016,17.40857928899166,27.956658113249325,8.024989142859837,1.943341886750673,5.651400804830872,1.3685506244723051
0.87,34.4,2.31,2.95,28.35,0.0,28.50307001008839,23.037144593133558,36.64880667913954,5.896929989911609,-2.248806679139541,2.552783545416281,-0.9735093849088923
1.12,46.3,2.05,4.13,31.91,0.0,32.17615576789745,28.004336040033902,42.656158254619484,14.123844232102549,3.643841745380513,6.889680113220756,1.7774837782343966
1.37,49.8,1.87,5.34,34.28,0.0,34.693428772607646,32.38786710646815,47.461646997404564,15.106571227392351,2.338353002595433,8.07838033550393,1.2504561511205523
1.62,57.6,2.76,6.6,35.59,0.0,36.196796819608224,36.2563196949797,51.23210729439668,21.403203180391777,6.3678927056033245,7.754783761011514,2.3072075020301903
2.3,71.3,7.5,10.14,39.66,0.0,40.93574477153188,44.63045259185403,60.56081652812922,30.364255228468117,10.739183471870774,4.048567363795749,1.4318911295827699
4.97,76.65,1.09,23.98,41.54,0.0,47.96469534980911,59.86800803481587,76.71238743551642,28.685304650190893,-0.06238743551641335,26.316793257055863,-0.05723617937285628
7.45,81.0,0.63,33.08,37.03,0.0,49.6538749746684,63.735173411124585,80.79405689619827,31.346125025331602,0.20594310380172942,49.75575400846286,0.32689381555830066
9.98,83.85,1.04,33.72,31.94,0.0,46.44568871273199,64.86552205201242,79.77930778767205,37.404311287268,4.070692212327941,35.96568393006538,3.914127127238405
