r_kpc,vobs,verr,vgas,vdisk,vbul,v_bary,v_qds_component,v_model,res_bary,res_qds,res_bary_norm,res_qds_norm
0.78,28.1,5.66,6.39,20.31,0.0,21.291505348377786,17.790000000000003,27.745491525651513,6.808494651622215,0.35450847434848853,1.2029142494032183,0.06263400606863755
1.55,31.3,5.66,10.35,23.49,0.0,25.66909815322696,17.79,31.2311815338453,5.630901846773039,0.06881846615469911,0.9948589835288054,0.01215873960330373
2.34,33.0,5.66,14.5,22.94,0.0,27.138415576448086,17.789999999999996,32.44961787140181,5.861584423551914,0.5503821285981871,1.0356156225356739,0.09724065876293059
3.12,33.4,5.66,17.55,22.52,0.0,28.550882648352573,17.789999999999996,33.63981272242757,4.8491173516474255,-0.23981272242757257,0.8567345144253402,-0.042369738944800804
3.89,34.3,5.66,17.55,22.05,0.0,28.181642961332116,17.790000000000006,33.32700256548735,6.118357038667881,0.9729974345126493,1.0809818089519223,0.1719076739421642
