r_kpc,vobs,verr,vgas,vdisk,vbul,v_bary,v_qds_component,v_model,res_bary,res_qds,res_bary_norm,res_qds_norm
0.68,20.5,2.47,1.03,19.12,0.0,19.147723102238555,9.153941614032295,21.22333496586039,1.3522768977614454,-0.7233349658603885,0.547480525409492,-0.29284816431594674
1.37,34.6,2.45,11.15,29.14,0.0,31.20035416465653,17.781836958001684,35.911778368676686,3.3996458353434704,-1.3117783686766842,1.387610545038151,-0.535419742317014
2.05,46.0,2.45,16.87,32.19,0.0,36.34271591392146,25.679807142220767,44.49994938043922,9.65728408607854,1.5000506195607812,3.9417486065626695,0.6122655590044005
2.74,51.8,2.46,20.26,33.36,0.0,39.03020881317444,33.123907514761434,51.191312241887964,12.769791186825557,0.6086877581120334,5.190972027164861,0.24743404801302168
3.42,56.8,2.44,21.81,33.94,0.0,40.343521165113984,39.93823249747634,56.768495796722284,16.456478834886013,0.03150420327771286,6.74445853888771,0.012911558720374123
4.11,61.4,2.44,23.37,34.3,0.0,41.50478165223857,46.36096111752072,62.22528116240431,19.89521834776143,-0.825281162404309,8.153778011377634,-0.33822998459192993
