r_kpc,vobs,verr,vgas,vdisk,vbul,v_bary,v_qds_component,v_model,res_bary,res_qds,res_bary_norm,res_qds_norm
0.87,23.4,5.55,3.13,27.44,0.0,27.61793801137225,8.462408246715764,28.885339764906405,-4.217938011372251,-5.485339764906406,-0.759988830877883,-0.9883495071903435
1.74,28.0,5.2,4.07,38.72,0.0,38.93331863584198,16.5645933881293,42.31062578258631,-10.933318635841978,-14.310625782586307,-2.102561276123457,-2.752043419728136
2.61,36.7,4.25,7.08,40.85,0.0,41.45900264116348,24.32188920179077,48.06665366284808,-4.759002641163477,-11.36665366284808,-1.1197653273325827,-2.6745067441995483
3.5,47.6,4.25,10.56,41.42,0.0,42.74494122115505,31.91594427108158,53.34564179682147,4.855058778844949,-5.745641796821467,1.142366771492929,-1.3519157168991687
4.37,63.3,4.75,13.36,40.22,0.0,42.38086832522429,39.019772286402365,57.60799101932555,20.919131674775706,5.692008980674444,4.404027721005412,1.1983176801419884
5.24,71.2,5.25,17.35,39.25,0.0,42.91369245357477,45.82120848693393,62.778723682495055,28.286307546425235,8.421276317504947,5.387868104080997,1.6040526319057042
6.11,68.1,6.0,19.51,37.01,0.0,41.83754533908508,52.333124919895596,67.0010161406631,26.262454660914912,1.0989838593368972,4.377075776819152,0.18316397655614955
6.98,74.4,6.0,20.91,34.75,0.0,40.556018049113256,58.56784570233306,71.23891598145141,33.84398195088675,3.1610840185485927,5.640663658481125,0.5268473364247654
