r_kpc,vobs,verr,vgas,vdisk,vbul,v_bary,v_qds_component,v_model,res_bary,res_qds,res_bary_norm,res_qds_norm
0.93,40.5,7.35,9.26,50.64,0.0,51.479677543667655,12.64268176931042,53.009382210322485,-10.979677543667655,-12.509382210322485,-1.4938336794105656,-1.7019567633091817
1.94,53.9,5.9,16.49,55.16,0.0,57.572091329045875,25.011572374424514,62.770410645789745,-3.6720913290458768,-8.870410645789747,-0.6223883608552333,-1.5034594314897876
2.87,73.0,4.7,21.98,56.07,0.0,60.22429161061174,35.26998760213324,69.79210073822561,12.775708389388257,3.2078992617743864,2.718235827529416,0.6825317578243375
3.72,78.4,3.9,25.0,55.82,0.0,61.16267162248556,43.78822078588851,75.22154398570744,17.237328377514444,3.178456014292564,4.419827789106268,0.814988721613478
4.47,79.3,5.3,28.23,53.8,0.0,60.75666959272866,50.68318323950512,79.12116002239384,18.543330407271334,0.17883997760615955,3.4987415862776103,0.03374339200116218
5.16,81.1,5.1,30.82,51.88,0.0,60.34407013120677,56.55290972767914,82.70210637382235,20.755929868793224,-1.6021063738223518,4.069790170351613,-0.31413850467104937
