r_kpc,vobs,verr,vgas,vdisk,vbul,v_bary,v_qds_component,v_model,res_bary,res_qds,res_bary_norm,res_qds_norm
0.08,5.11,2.79,1.47,3.91,0.0,4.177200019151585,3.3414951406640028,5.349260675558927,0.9327999808484151,-0.23926067555892683,0.33433691069835664,-0.08575651453724976
0.24,10.8,1.94,4.46,8.92,0.0,9.972863179649062,8.421808268625506,13.053154963972846,0.8271368203509386,-2.253154963972845,0.4263591857479065,-1.161420084522085
0.4,17.3,1.56,7.28,9.95,0.0,12.328864505703677,11.926301033263302,17.15335408414393,4.971135494296323,0.14664591585606956,3.186625316856617,0.0940037922154292
0.57,20.8,1.25,9.38,9.7,0.0,13.493494728942537,14.467098809980929,19.783107642070586,7.306505271057464,1.0168923579294145,5.845204216845971,0.8135138863435316
0.73,20.8,1.62,10.63,9.13,0.0,14.012630017238022,16.09645283861358,21.341265051203294,6.7873699827619784,-0.5412650512032933,4.18973455726048,-0.33411422913783534
0.89,22.9,1.76,11.34,8.44,0.0,14.136095642008085,17.22041100035542,22.279402034640917,8.763904357991914,0.6205979653590816,4.979491112495405,0.35261248031766
1.05,24.3,2.23,11.95,7.79,0.0,14.26487294019824,17.995737864343504,22.963736222186633,10.035127059801761,1.3362637778133681,4.500056977489579,0.5992214250284162
1.21,24.2,1.23,12.36,7.22,0.0,14.3142586255803,18.530572492965263,23.41538205789179,9.8857413744197,0.7846179421082091,8.037188109284308,0.6379007659416335
