r_kpc,vobs,verr,vgas,vdisk,vbul,v_bary,v_qds_component,v_model,res_bary,res_qds,res_bary_norm,res_qds_norm
0.56,16.9,3.93,3.56,6.92,0.0,7.782030583337488,15.740518922165078,17.559155331024236,9.117969416662511,-0.6591553310242375,2.320093999150766,-0.16772400280514949
1.11,27.4,3.93,3.93,11.04,0.0,11.718638999474297,24.23851657536039,26.92270762338031,15.681361000525701,0.4772923766196868,3.99016819351799,0.12144844188796101
1.67,33.5,3.93,3.56,13.76,0.0,14.213064412715505,28.999846179549298,32.295545798724625,19.286935587284496,1.2044542012753752,4.907617197782314,0.30647689599882316
2.23,36.4,3.93,8.55,16.36,0.0,18.459471823429833,31.604462151237467,36.60046622474913,17.940528176570165,-0.20046622474912823,4.565019892257039,-0.05100921749341685
2.79,39.8,3.93,12.27,16.13,0.0,20.266469845535507,33.02927936070029,38.751297979386216,19.53353015446449,1.0487020206137814,4.970363906988419,0.2668452978661021
3.34,41.2,3.93,12.47,16.4,0.0,20.602448883567217,33.79851024578866,39.58282701923501,20.597551116432786,1.617172980764991,5.2411071543085965,0.4114943971412191
3.9,42.6,3.93,13.27,17.86,0.0,22.250224717966333,34.22950139630405,40.82562021377729,20.34977528203367,1.7743797862227098,5.178059868201951,0.4514961288098498
4.46,44.5,3.93,15.66,16.94,0.0,23.069442992842287,34.46526882423028,41.473533188365565,21.430557007157713,3.0264668116344353,5.453067940752598,0.7700933362937494
