r_kpc,vobs,verr,vgas,vdisk,vbul,v_bary,v_qds_component,v_model,res_bary,res_qds,res_bary_norm,res_qds_norm
3.48,46.2,5.0,13.28,38.73,0.0,40.94351352778606,33.21613981649245,52.72270141323162,5.256486472213943,-6.522701413231616,1.0512972944427887,-1.304540282646323
6.94,81.1,5.0,23.37,40.0,0.0,46.32663272891739,55.939894054059984,72.6321460978502,34.773367271082606,8.467853902149798,6.954673454216521,1.6935707804299596
10.42,91.2,5.0,31.3,39.75,0.0,50.59399667944805,71.66796476731072,87.72713191418315,40.606003320551956,3.472868085816856,8.121200664110392,0.6945736171633712
13.89,97.7,5.0,35.52,35.72,0.0,50.37448560531413,82.45346657689531,96.62382185852096,47.325514394685875,1.0761781414790477,9.465102878937175,0.21523562829580953
16.22,100.0,5.0,46.95,33.5,0.0,57.67627328460119,87.73560987733062,104.99566534170425,42.32372671539881,-4.995665341704253,8.464745343079763,-0.9991330683408506
