r_kpc,vobs,verr,vgas,vdisk,vbul,v_bary,v_qds_component,v_model,res_bary,res_qds,res_bary_norm,res_qds_norm
0.87,24.8,6.5,2.79,20.37,0.0,20.560179960301905,16.469399041192595,26.343160493343156,4.239820039698095,-1.543160493343155,0.6522800061073993,-0.2374093066681777
1.74,46.2,5.6,5.75,32.61,0.0,33.1130578473206,29.927684574636135,44.633405695722054,13.086942152679406,1.5665943042779489,2.3369539558356083,0.2797489829067766
2.61,60.5,5.8,9.11,37.1,0.0,38.202121668828816,40.92538091113705,55.98472026117181,22.297878331171184,4.515279738828191,3.844461781236411,0.7784965066945158
3.5,69.6,3.9,13.36,42.69,0.0,44.73170799332393,50.09836920505376,67.16228329208201,24.868292006676064,2.4377167079179856,6.37648512991694,0.6250555661328169
4.37,77.5,3.7,16.6,44.26,0.0,47.27057858753159,57.40824300478292,74.36540838922494,30.22942141246841,3.134591610775061,8.170113895261732,0.8471869218310976
5.24,82.9,4.5,20.91,44.12,0.0,48.824199942241755,63.38164668297016,80.0064724647004,34.07580005775825,2.8935275352996115,7.572400012835167,0.6430061189554692
6.11,84.1,4.9,23.38,43.61,0.0,49.48188052206585,68.26292814967655,84.31063906511386,34.618119477934144,-0.21063906511386676,7.064922342435539,-0.0429875643089524
6.98,85.6,4.9,23.92,43.31,0.0,49.47648431325735,72.25176098952277,87.5684844341109,36.12351568674264,-1.9684844341109056,7.372146058518906,-0.4017315171654909
7.85,87.6,4.9,25.86,40.62,0.0,48.1531307393403,75.51131230463497,89.55826196375249,39.446869260659696,-1.9582619637524914,8.050381481767284,-0.3996452987249982
