r_kpc,vobs,verr,vgas,vdisk,vbul,v_bary,v_qds_component,v_model,res_bary,res_qds,res_bary_norm,res_qds_norm
0.95,46.8,5.66,3.86,27.74,0.0,28.0072704846438,22.93645247483188,36.20066369737192,18.792729515356196,10.599336302628075,3.3202702323950875,1.8726742584148541
1.9,63.0,5.66,4.52,51.06,0.0,51.25967225802366,37.20028951724996,63.33573667501798,11.740327741976337,-0.33573667501798354,2.0742628519392823,-0.05931743374876034
2.86,66.8,5.66,4.73,51.26,0.0,51.47776704558969,46.14352077669384,69.13164984049763,15.32223295441031,-2.331649840497633,2.70710829583221,-0.41195226863915774
3.81,69.6,5.66,12.72,49.4,0.0,51.01135559853316,51.63241849854095,72.58143729638091,18.588644401466837,-2.9814372963809177,3.284212791778593,-0.5267557060743671
4.76,73.4,5.66,18.24,44.13,0.0,47.750963341067795,55.04588196822257,72.87114395739572,25.64903665893221,0.5288560426042892,4.53163191853926,0.09343746335764827
5.72,74.7,5.66,23.64,39.21,0.0,45.78508163146594,57.18607700229675,73.25654307236053,28.91491836853406,1.443456927639474,5.108642821295771,0.2550277257313558
6.67,76.1,5.66,29.52,35.32,0.0,46.03186722261003,58.49961920041818,74.43882217360733,30.068132777389962,1.6611778263926595,5.312390950068898,0.2934943156170777
