r_kpc,vobs,verr,vgas,vdisk,vbul,v_bary,v_qds_component,v_model,res_bary,res_qds,res_bary_norm,res_qds_norm
0.6,14.6,6.69,4.56,9.68,0.0,10.70028037015853,17.1085892527998,20.179192903112273,3.899719629841469,-5.579192903112274,0.5829177324127756,-0.8339600752036284
1.19,31.5,6.69,6.39,13.08,0.0,14.55742078803797,29.60135502706455,32.98725086208791,16.94257921196203,-1.4872508620879117,2.5325230511154007,-0.22230954590252788
1.79,44.8,6.69,9.63,14.81,0.0,17.665588017385666,39.037812413717575,42.84884826980303,27.13441198261433,1.951151730196969,4.055965916683756,0.2916519776079176
2.38,50.6,6.69,13.15,16.52,0.0,21.114755504149226,45.92835435895685,50.549447416583206,29.485244495850775,0.05055258341679547,4.407360911188457,0.007556439972615167
2.99,55.6,6.69,14.93,16.97,0.0,22.602783014487397,51.20734960173734,55.97390868283677,32.99721698551261,-0.37390868283677037,4.932319429822512,-0.05589068502791784
3.59,61.4,6.69,18.09,16.51,0.0,24.49139032394854,55.04392687058554,60.24667696507724,36.908609676051455,1.1533230349227566,5.516982014357467,0.17239507248471697
4.18,66.0,6.69,21.26,16.39,0.0,26.844360674078274,57.84541216468979,63.77077236871796,39.155639325921726,2.2292276312820434,5.852860885788001,0.3332178821049392
4.78,69.3,6.69,24.12,16.26,0.0,29.088863848558955,59.96152456724589,66.64492800227511,40.21113615144104,2.655071997724889,6.010633206493429,0.3968717485388473
