r_kpc,vobs,verr,vgas,vdisk,vbul,v_bary,v_qds_component,v_model,res_bary,res_qds,res_bary_norm,res_qds_norm
0.59,45.3,4.31,4.24,45.76,0.0,45.956013752282736,18.13944330739466,49.40642269484996,-0.656013752282739,-4.106422694849961,-0.15220736711896496,-0.9527662865081117
1.18,59.8,4.31,11.75,48.85,0.0,50.24325825421755,27.746813400678473,57.39573724495636,9.556741745782446,2.4042627550436393,2.217341472339315,0.5578335858569929
1.77,60.7,4.31,15.81,45.2,0.0,47.885238852907484,32.83525842874044,58.06160776349696,12.814761147092518,2.6383922365030443,2.9732624471212343,0.6121559713464141
2.36,58.8,4.31,19.15,42.05,0.0,46.2052486196103,35.53030114617556,58.28659622535805,12.594751380389695,0.5134037746419438,2.9222160975382128,0.11911920525335123
2.95,57.9,4.31,20.97,38.14,0.0,43.524711371817276,36.957702878678184,57.098794226048746,14.375288628182723,0.8012057739512528,3.3353337884414676,0.18589461112558073
3.54,56.9,4.31,21.99,34.5,0.0,40.91222433454334,37.71371156557967,55.64291635106609,15.98777566545666,1.2570836489339072,3.7094607112428446,0.2916667398918579
4.13,55.9,4.31,22.39,31.16,0.0,38.370010424809635,38.11412381229063,54.082752647943316,17.529989575190363,1.8172473520566825,4.067282964081291,0.4216351164864693
