r_kpc,vobs,verr,vgas,vdisk,vbul,v_bary,v_qds_component,v_model,res_bary,res_qds,res_bary_norm,res_qds_norm
0.33,12.2,4.07,3.43,9.04,0.0,9.66884170932589,7.821649248857337,12.436426213834524,2.53115829067411,-0.236426213834525,0.6219062139248427,-0.05808997882912162
0.66,19.4,4.07,3.44,13.22,0.0,13.660234258606256,13.303340686578682,19.067796763737014,5.739765741393743,0.3322032362629841,1.4102618529222954,0.08162241677223196
1.0,23.9,4.07,5.29,17.22,0.0,18.014230485924177,17.24153414695005,24.935576988320214,5.885769514075822,-1.0355769883202157,1.446135015743445,-0.25444152047179747
1.33,26.0,4.07,8.85,17.5,0.0,19.610520135886247,19.905132808328325,27.94256273352873,6.389479864113753,-1.9425627335287317,1.5698967725095214,-0.47728814091615024
1.67,28.2,4.07,11.12,17.11,0.0,20.40604077228113,21.818733190340037,29.87412957780102,7.793959227718869,-1.674129577801022,1.914977697228223,-0.41133404859975964
2.0,30.6,4.07,13.66,16.29,0.0,21.259343828067692,23.112997544600255,31.403349431178473,9.34065617193231,-0.8033494311784715,2.295001516445285,-0.19738315262370304
2.32,33.1,4.07,14.34,16.35,0.0,21.747599867571594,23.9970503688141,32.3854369493975,11.352400132428407,0.7145630506025,2.7892875018251613,0.17556831710135135
