r_kpc,vobs,verr,vgas,vdisk,vbul,v_bary,v_qds_component,v_model,res_bary,res_qds,res_bary_norm,res_qds_norm
0.87,26.6,4.4,0.0,6.92,0.0,6.92,27.333460948123093,28.195823935515172,19.68,-1.5958239355151704,4.472727272727273,-0.3626872580716296
1.74,45.2,2.7,0.0,10.96,0.0,10.96,45.025444448800464,46.34017962645393,34.24,-1.1401796264539286,12.681481481481482,-0.422288750538492
2.61,57.0,3.9,8.65,14.33,0.0,16.738321301731546,56.47684025931646,58.905049746828574,40.261678698268454,-1.905049746828574,10.323507358530373,-0.48847429405860876
3.5,69.3,3.0,16.06,16.78,0.0,23.226967085695886,64.024257122025,68.10724998138723,46.07303291430411,1.1927500186127702,15.35767763810137,0.39758333953759006
4.37,77.3,3.4,18.32,18.48,0.0,26.021775496687386,68.77410041912911,73.5323717043076,51.278224503312615,3.767628295692404,15.081830736268417,1.1081259693212953
5.24,80.7,3.9,22.41,20.02,0.0,30.05009983344481,71.84850615950202,77.87949882576287,50.64990016655519,2.820501174237137,12.987153888860306,0.7232054292915736
6.11,84.0,3.0,23.49,21.36,0.0,31.749483460365145,73.8384603675073,80.37504543976287,52.25051653963486,3.6249545602371285,17.41683884654495,1.2083181867457096
6.98,85.0,3.0,25.65,22.68,0.0,34.23893835970969,75.12648741545236,82.56085035526294,50.76106164029031,2.439149644737057,16.92035388009677,0.813049881579019
7.85,85.7,3.4,24.46,24.0,0.0,34.26793836810146,75.96018181382803,83.33211158484951,51.43206163189854,2.367888415150489,15.127076950558395,0.6964377691619085
