r_kpc,vobs,verr,vgas,vdisk,vbul,v_bary,v_qds_component,v_model,res_bary,res_qds,res_bary_norm,res_qds_norm
1.48,24.35,2.92,9.7,18.56,0.0,20.941910132554764,20.63974345655137,29.403445545586234,3.408089867445238,-5.053445545586232,1.1671540641935747,-1.7306320361596685
2.97,43.55,1.4,18.44,19.59,0.0,26.903562961065212,35.362304669934204,44.43303153701366,16.646437038934785,-0.8830315370136645,11.890312170667704,-0.6307368121526176
4.45,54.15,0.67,22.96,18.92,0.0,29.751100819969672,45.72220451493838,54.549500324987875,24.398899180030327,-0.39950032498787635,36.416267432881085,-0.5962691417729498
5.94,60.15,0.48,21.83,18.18,0.0,28.408824333294753,53.11203762762544,60.23246500815238,31.741175666705246,-0.08246500815238278,66.12744930563593,-0.17180210031746412
7.39,63.75,0.95,21.02,16.53,0.0,26.741004094835333,58.22343283383071,64.0706596731733,37.00899590516467,-0.3206596731732958,38.95683779491018,-0.33753649807715347
