r_kpc,vobs,verr,vgas,vdisk,vbul,v_bary,v_qds_component,v_model,res_bary,res_qds,res_bary_norm,res_qds_norm
4.51,69.75,4.15,19.36,43.61,0.0,47.714166659389534,64.72756788397034,80.41330576573748,22.035833340610466,-10.663305765737476,5.309839359183244,-2.5694712688524035
9.01,97.7,1.63,33.73,40.02,0.0,52.33844953760094,87.42498069535385,101.89426161262956,45.361550462399066,-4.19426161262956,27.829172062821513,-2.573166633515068
13.51,108.0,0.99,39.28,33.41,0.0,51.56691284147229,95.41260560212858,108.45603629022838,56.43308715852771,-0.45603629022838277,57.003118341947186,-0.46064271740240686
18.01,107.5,2.32,36.27,28.28,0.0,45.99207866578766,98.22359345266138,108.45803617415218,61.50792133421234,-0.9580361741521841,26.51203505785015,-0.41294662678973454
