r_kpc,vobs,verr,vgas,vdisk,vbul,v_bary,v_qds_component,v_model,res_bary,res_qds,res_bary_norm,res_qds_norm
0.36,9.31,3.23,2.82,9.53,0.0,9.938475738260871,4.347933010254374,10.84794088579301,-0.628475738260871,-1.5379408857930095,-0.1945745319693099,-0.47614268910000296
0.72,15.9,3.23,5.91,14.9,0.0,16.02928881766125,8.347363458767399,18.072536532340038,-0.12928881766124967,-2.172536532340038,-0.04002749772794107,-0.6726119295170396
1.08,21.4,3.23,7.85,16.55,0.0,18.317341510164624,12.026225086756753,21.912441439450273,3.0826584898353744,-0.5124414394502743,0.9543834333855649,-0.15865060044900134
1.45,26.1,3.23,9.57,17.31,0.0,19.779307369066288,15.500235699780188,25.129232116177768,6.3206926309337135,0.9707678838222336,1.9568707835708092,0.3005473324527039
1.8,29.7,3.23,11.59,16.91,0.0,20.500639014430746,18.52296135709932,27.629265235192097,9.199360985569253,2.070734764807902,2.84809937633723,0.6410943544296911
2.17,31.1,3.23,14.33,15.67,0.0,21.234354240240037,21.462382067891724,30.191582337270106,9.865645759759964,0.9084176627298959,3.0543794921857472,0.2812438584303083
2.53,32.1,3.23,16.45,15.47,0.0,22.581483565080486,24.090027503776508,33.018976742665856,9.518516434919515,-0.9189767426658548,2.946909112978178,-0.28451292342596124
