r_kpc,vobs,verr,vgas,vdisk,vbul,v_bary,v_qds_component,v_model,res_bary,res_qds,res_bary_norm,res_qds_norm
1.02,56.1,3.4,4.05,24.58,0.0,24.911421075482625,49.8370556861937,55.71634427588346,31.188578924517376,0.3836557241165437,9.173111448387465,0.11283991885780698
2.04,71.1,3.0,7.98,36.06,0.0,36.93242477823518,66.44692582765467,76.02103624619859,34.167575221764814,-4.921036246198597,11.389191740588272,-1.6403454153995323
3.05,80.7,1.5,14.47,40.35,0.0,42.866110157092635,71.95275134752876,83.75381678753095,37.83388984290737,-3.0538167875309483,25.22259322860491,-2.0358778583539654
4.07,82.8,1.5,19.07,42.21,0.0,46.31791230182984,73.81772307811524,87.14588481642325,36.482087698170155,-4.345884816423251,24.321391798780102,-2.897256544282167
5.09,83.7,1.5,21.9,39.32,0.0,45.007470491019596,74.43928745097041,86.98781475705779,38.69252950898041,-3.287814757057788,25.795019672653606,-2.191876504705192
6.11,86.0,1.5,24.6,37.93,0.0,45.20890288427712,74.64644462298897,87.2693336450609,40.79109711572288,-1.2693336450608967,27.19406474381525,-0.8462224300405978
7.13,88.3,2.3,26.68,36.09,0.0,44.881070620028666,74.715486697781,87.15913292642539,43.41892937997133,1.1408670735746114,18.877795382596233,0.4960291624237441
8.14,90.0,3.0,25.72,33.53,0.0,42.25848198882681,74.73837270556416,85.85804362245752,47.74151801117319,4.141956377542485,15.91383933705773,1.3806521258474949
