r_kpc,vobs,verr,vgas,vdisk,vbul,v_bary,v_qds_component,v_model,res_bary,res_qds,res_bary_norm,res_qds_norm
1.1,33.2,5.06,3.45,21.28,0.0,21.557850078335733,24.926117172381726,32.95530636014939,11.64214992166427,0.24469363985060966,2.3008201426213972,0.04835842684794658
2.21,54.6,5.06,6.51,35.54,0.0,36.13131190532666,39.40505481830249,53.46241712860937,18.46868809467334,1.1375828713906344,3.649938358631095,0.22481874928668666
3.31,65.7,5.06,11.85,39.59,0.0,41.32542316782734,47.66085607783402,63.082071954494396,24.374576832172664,2.6179280455056073,4.817110045883926,0.5173770840920173
4.42,69.2,5.06,18.75,38.75,0.0,43.047938394306414,52.456437789466065,67.85869778856741,26.15206160569359,1.3413022114325912,5.168391621678575,0.2650794884254133
5.52,70.9,5.06,26.75,39.1,0.0,47.37480870673781,55.19084900824997,72.7351518473114,23.525191293262196,-1.8351518473113941,4.649247291158537,-0.36267823069395144
6.64,72.4,5.06,30.8,37.98,0.0,48.8990838359984,56.78987515305158,74.94137922335821,23.50091616400161,-2.5413792233582058,4.644449834782927,-0.5022488583711869
7.74,73.2,5.06,30.9,35.45,0.0,47.02672112746114,57.69102487346636,74.42961004164212,26.173278872538866,-1.2296100416421183,5.172584757418749,-0.2430059370834226
