r_kpc,vobs,verr,vgas,vdisk,vbul,v_bary,v_qds_component,v_model,res_bary,res_qds,res_bary_norm,res_qds_norm
0.21,4.68,3.65,0.92,6.84,0.0,6.901594018775662,2.40200222026353,7.307640841348932,-2.2215940187756624,-2.6276408413489323,-0.608655895554976,-0.7199016003695705
0.64,13.1,3.44,4.01,16.7,0.0,17.174693592608865,7.103050179979625,18.585570259190558,-4.074693592608865,-5.485570259190558,-1.1845039513397864,-1.5946425172065575
1.06,22.5,2.45,7.7,21.47,0.0,22.809009184968993,11.426558533660442,25.51111796694077,-0.30900918496899266,-3.0111179669407697,-0.1261261979465276,-1.2290277416084774
1.48,30.4,1.71,12.5,23.36,0.0,26.494142748917163,15.500433127762493,30.695325819222653,3.9058572510828355,-0.2953258192226542,2.284127047416863,-0.17270515744014867
1.91,36.0,1.7,17.24,23.95,0.0,29.509661129874058,19.42773038952107,35.33067800209784,6.490338870125942,0.6693219979021592,3.817846394191731,0.39371882229538774
2.33,41.9,4.97,19.86,22.61,0.0,30.09371529073803,23.03962770775784,37.900608767038065,11.80628470926197,3.9993912329619334,2.3755100018635757,0.8047064855054192
