r_kpc,vobs,verr,vgas,vdisk,vbul,v_bary,v_qds_component,v_model,res_bary,res_qds,res_bary_norm,res_qds_norm
2.61,179.0,14.7,8.52,197.55,118.24,230.38943226632597,17.69146171519851,231.0676920679746,-51.38943226632597,-52.067692067974605,-3.4958797460085695,-3.5420198685697013
5.24,195.0,6.8,19.72,177.52,83.47,197.1534166581954,34.382706316750074,200.12905884369687,-2.153416658195397,-5.129058843696868,-0.3166789203228525,-0.7542733593671864
7.85,181.0,9.8,23.38,148.4,68.2,164.98613396282732,49.89160108676065,172.3647187187693,16.013866037172676,8.635281281230704,1.6340679629768036,0.8811511511459901
10.65,162.0,20.4,20.04,126.45,58.55,140.78105909532007,65.43661438949461,155.2457957651653,21.218940904679926,6.7542042348347024,1.040144161994114,0.3310884428840541
13.47,145.0,9.6,20.8,110.59,52.06,123.98803047068697,80.02538181049025,147.5706387934766,21.011969529313035,-2.570638793476604,2.188746825970108,-0.26777487432047964
16.03,147.0,17.9,22.85,100.09,47.73,113.21785857363669,92.40303043516039,146.13898704179243,33.78214142636331,0.8610129582075672,1.8872704707465537,0.04810128258142834
18.58,150.0,21.0,23.38,92.33,44.33,105.05523404381145,103.96563509352966,147.8020821247149,44.94476595618855,2.1979178752851,2.140226950294693,0.10466275596595713
