r_kpc,vobs,verr,vgas,vdisk,vbul,v_bary,v_qds_component,v_model,res_bary,res_qds,res_bary_norm,res_qds_norm
0.21,16.4,3.3,3.43,15.55,0.0,15.923799797786959,9.146422774876765,18.363672006894056,0.4762002022130396,-1.9636720068940576,0.14430309157970897,-0.5950521233012296
0.41,26.2,3.3,6.87,25.1,0.0,26.023199265270982,16.84548957540785,30.9996357887504,0.17680073472901725,-4.7996357887504,0.053575980220914324,-1.4544350875001215
0.62,35.2,3.3,10.25,25.64,0.0,27.61289734888391,23.991395007852542,36.57949062552419,7.587102651116094,-1.379490625524184,2.2991220154897256,-0.41802746228005583
0.82,44.0,3.3,12.77,24.3,0.0,27.451100160102875,30.006512024506186,40.66882914317591,16.548899839897125,3.3311708568240874,5.0148181333021595,1.0094457141891175
