r_kpc,vobs,verr,vgas,vdisk,vbul,v_bary,v_qds_component,v_model,res_bary,res_qds,res_bary_norm,res_qds_norm
0.6,14.6,6.69,4.56,9.68,0.0,10.70028037015853,15.565442938136982,18.88859480904809,3.899719629841469,-4.2885948090480905,0.5829177324127756,-0.6410455618905965
1.19,31.5,6.69,6.39,13.08,0.0,14.55742078803797,27.70261235981881,31.294619850037897,16.94257921196203,0.20538014996210308,2.5325230511154007,0.030699573985366675
1.79,44.8,6.69,9.63,14.81,0.0,17.665588017385666,37.49158655913534,41.445048711771804,27.13441198261433,3.354951288228193,4.055965916683756,0.5014874870296252
2.38,50.6,6.69,13.15,16.52,0.0,21.114755504149226,45.12454880722391,49.82025496778929,29.485244495850775,0.7797450322107125,4.407360911188457,0.11655381647394804
2.99,55.6,6.69,14.93,16.97,0.0,22.602783014487397,51.37164764362855,56.12425484245761,32.99721698551261,-0.5242548424576086,4.932319429822512,-0.07836395253476959
3.59,61.4,6.69,18.09,16.51,0.0,24.49139032394854,56.22522294918311,61.32783948326688,36.908609676051455,0.07216051673312052,5.516982014357467,0.010786325371168986
4.18,66.0,6.69,21.26,16.39,0.0,26.844360674078274,60.00980306158548,65.7403693592474,39.155639325921726,0.25963064075260434,5.852860885788001,0.03880876543387209
4.78,69.3,6.69,24.12,16.26,0.0,29.088863848558955,63.0621751417982,69.44782166212869,40.21113615144104,-0.14782166212869186,6.010633206493429,-0.022095913621628077
