r_kpc,vobs,verr,vgas,vdisk,vbul,v_bary,v_qds_component,v_model,res_bary,res_qds,res_bary_norm,res_qds_norm
0.59,45.3,4.31,4.24,45.76,0.0,45.956013752282736,17.648427816805857,49.22826631524826,-0.656013752282739,-3.9282663152482655,-0.15220736711896496,-0.9114306995935652
1.18,59.8,4.31,11.75,48.85,0.0,50.24325825421755,27.777768654993267,57.41070833433713,9.556741745782446,2.389291665662867,2.217341472339315,0.554360015235004
1.77,60.7,4.31,15.81,45.2,0.0,47.885238852907484,33.5915185754517,58.49261680079732,12.814761147092518,2.207383199202681,2.9732624471212343,0.5121538745249841
2.36,58.8,4.31,19.15,42.05,0.0,46.2052486196103,36.928328806005524,59.14918823115375,12.594751380389695,-0.34918823115375375,2.9222160975382128,-0.08101815107975725
2.95,57.9,4.31,20.97,38.14,0.0,43.524711371817276,38.84349589558868,58.337103745306166,14.375288628182723,-0.43710374530616747,3.3353337884414676,-0.10141618220560732
3.54,56.9,4.31,21.99,34.5,0.0,40.91222433454334,39.9427088347715,57.17718154175959,15.98777566545666,-0.27718154175958887,3.7094607112428446,-0.06431126258923177
4.13,55.9,4.31,22.39,31.16,0.0,38.370010424809635,40.57360370145906,55.843307721902114,17.529989575190363,0.05669227809788424,4.067282964081291,0.013153660811574071
