r_kpc,vobs,verr,vgas,vdisk,vbul,v_bary,v_qds_component,v_model,res_bary,res_qds,res_bary_norm,res_qds_norm
0.68,20.5,2.47,1.03,19.12,0.0,19.147723102238555,9.5666317838881,21.40457296206813,1.3522768977614454,-0.90457296206813,0.547480525409492,-0.36622387128264366
1.37,34.6,2.45,11.15,29.14,0.0,31.20035416465653,18.35895551950665,36.201013076531765,3.3996458353434704,-1.601013076531764,1.387610545038151,-0.6534747251150057
2.05,46.0,2.45,16.87,32.19,0.0,36.34271591392146,26.20692976349973,44.80620679804315,9.65728408607854,1.1937932019568507,3.9417486065626695,0.48726253141095943
2.74,51.8,2.46,20.26,33.36,0.0,39.03020881317444,33.4197013826808,51.38320387546457,12.769791186825557,0.4167961245354306,5.190972027164861,0.1694293189168417
3.42,56.8,2.44,21.81,33.94,0.0,40.343521165113984,39.85777709477298,56.711921982389285,16.456478834886013,0.08807801761071232,6.74445853888771,0.03609754820111161
4.11,61.4,2.44,23.37,34.3,0.0,41.50478165223857,45.77476513966367,61.789772807410195,19.89521834776143,-0.38977280741019626,8.153778011377634,-0.1597429538566378
