r_kpc,vobs,verr,vgas,vdisk,vbul,v_bary,v_qds_component,v_model,res_bary,res_qds,res_bary_norm,res_qds_norm
0.52,7.31,2.12,-3.67,11.19,0.0,11.776459569836767,4.092040366397831,12.467148605845255,-4.4664595698367675,-5.157148605845255,-2.106820551809796,-2.432617266908139
1.05,14.6,2.05,-4.64,16.58,0.0,17.217026456389036,8.083334698572576,19.020155095296868,-2.617026456389036,-4.4201550952968685,-1.276598271409286,-2.156173217217985
1.57,21.0,2.05,2.4,20.63,0.0,20.769133347349857,11.830819524536405,23.902409724171154,0.2308666526501426,-2.9024097241711537,0.11261787934153299,-1.4158096215469045
2.09,28.1,2.06,12.6,23.82,0.0,26.94721506946497,15.418566234038718,31.04649069884451,1.1527849305350308,-2.94649069884451,0.55960433521118,-1.4303352907012186
2.63,35.3,2.5,16.76,25.79,0.0,30.75746576036459,18.982527414919875,36.14357546035235,4.542534239635408,-0.8435754603523549,1.8170136958541634,-0.33743018414094195
3.15,43.0,3.38,17.12,27.83,0.0,32.674199301589624,22.265429568420775,39.53925459421695,10.325800698410376,3.460745405783051,3.0549706208314724,1.023889173308595
3.68,46.6,3.15,20.09,26.92,0.0,33.590095266313256,25.46750667057967,42.15315404588392,13.009904733686746,4.446845954116078,4.130128486884681,1.4116971282908186
4.2,48.0,3.0,22.95,25.81,0.0,34.53778510559124,28.47398385648253,44.76188508831177,13.46221489440876,3.2381149116882284,4.48740496480292,1.0793716372294095
