r_kpc,vobs,verr,vgas,vdisk,vbul,v_bary,v_qds_component,v_model,res_bary,res_qds,res_bary_norm,res_qds_norm
0.78,28.1,5.66,6.39,20.31,0.0,21.291505348377786,17.90096858899089,27.816773292818098,6.808494651622215,0.28322670718190324,1.2029142494032183,0.050040054272421065
1.55,31.3,5.66,10.35,23.49,0.0,25.66909815322696,18.262934584910372,31.502974139796947,5.630901846773039,-0.20297413979694667,0.9948589835288054,-0.03586115544115666
2.34,33.0,5.66,14.5,22.94,0.0,27.138415576448086,18.270653062951894,32.71559816581004,5.861584423551914,0.284401834189957,1.0356156225356739,0.05024767388515142
3.12,33.4,5.66,17.55,22.52,0.0,28.550882648352573,18.270801530348173,33.89653505244117,4.8491173516474255,-0.4965350524411747,0.8567345144253402,-0.08772704106734534
3.89,34.3,5.66,17.55,22.05,0.0,28.181642961332116,18.270804532428684,33.5861176419993,6.118357038667881,0.7138823580006957,1.0809818089519223,0.12612762508846212
