r_kpc,vobs,verr,vgas,vdisk,vbul,v_bary,v_qds_component,v_model,res_bary,res_qds,res_bary_norm,res_qds_norm
0.36,9.31,3.23,2.82,9.53,0.0,9.938475738260871,4.427839393807757,10.880214230306121,-0.628475738260871,-1.5702142303061208,-0.1945745319693099,-0.486134436627282
0.72,15.9,3.23,5.91,14.9,0.0,16.02928881766125,8.501431379999742,18.144212176582492,-0.12928881766124967,-2.244212176582492,-0.04002749772794107,-0.6948025314496878
1.08,21.4,3.23,7.85,16.55,0.0,18.317341510164624,12.249117371766777,22.03555936179789,3.0826584898353744,-0.6355593617978919,0.9543834333855649,-0.19676760427179316
1.45,26.1,3.23,9.57,17.31,0.0,19.779307369066288,15.788701150725732,25.30818215571652,6.3206926309337135,0.7918178442834822,1.9568707835708092,0.24514484343141865
1.8,29.7,3.23,11.59,16.91,0.0,20.500639014430746,18.86898121703287,27.862423659271627,9.199360985569253,1.837576340728372,2.84809937633723,0.5689090838168335
2.17,31.1,3.23,14.33,15.67,0.0,21.234354240240037,21.864855133246152,30.479004084743988,9.865645759759964,0.6209959152560138,3.0543794921857472,0.19225879729288353
2.53,32.1,3.23,16.45,15.47,0.0,22.581483565080486,24.543406090874644,33.3511946194073,9.518516434919515,-1.2511946194073005,2.946909112978178,-0.38736675523445835
