r_kpc,vobs,verr,vgas,vdisk,vbul,v_bary,v_qds_component,v_model,res_bary,res_qds,res_bary_norm,res_qds_norm
0.87,23.4,5.55,3.13,27.44,0.0,27.61793801137225,9.012739931625545,29.051333550718766,-4.217938011372251,-5.651333550718768,-0.759988830877883,-1.018258297426805
1.74,28.0,5.2,4.07,38.72,0.0,38.93331863584198,17.479582813015078,42.677149803109536,-10.933318635841978,-14.677149803109536,-2.102561276123457,-2.8225288082902953
2.61,36.7,4.25,7.08,40.85,0.0,41.45900264116348,25.433593349432172,48.63863249171671,-4.759002641163477,-11.93863249171671,-1.1197653273325827,-2.8090899980509905
3.5,47.6,4.25,10.56,41.42,0.0,42.74494122115505,33.07217916229978,54.04534239454179,4.855058778844949,-6.44534239454179,1.142366771492929,-1.5165511516568917
4.37,63.3,4.75,13.36,40.22,0.0,42.38086832522429,40.0817541089661,58.33253819654705,20.919131674775706,4.967461803452949,4.404027721005412,1.045781432305884
5.24,71.2,5.25,17.35,39.25,0.0,42.91369245357477,46.666762684493015,63.39851527796838,28.286307546425235,7.801484722031624,5.387868104080997,1.4859970899107855
6.11,68.1,6.0,19.51,37.01,0.0,41.83754533908508,52.852920656936966,67.40779941496736,26.262454660914912,0.6922005850326372,4.377075776819152,0.11536676417210619
6.98,74.4,6.0,20.91,34.75,0.0,40.556018049113256,58.664386203429345,71.31830626581868,33.84398195088675,3.0816937341813286,5.640663658481125,0.5136156223635547
