r_kpc,vobs,verr,vgas,vdisk,vbul,v_bary,v_qds_component,v_model,res_bary,res_qds,res_bary_norm,res_qds_norm
3.48,46.2,5.0,13.28,38.73,0.0,40.94351352778606,36.8243251002378,55.06725178441361,5.256486472213943,-8.867251784413604,1.0512972944427887,-1.7734503568827207
6.94,81.1,5.0,23.37,40.0,0.0,46.32663272891739,59.2212128774973,75.18848950924504,34.773367271082606,5.911510490754949,6.954673454216521,1.18230209815099
10.42,91.2,5.0,31.3,39.75,0.0,50.59399667944805,73.00432097112004,88.82220094353842,40.606003320551956,2.3777990564615834,8.121200664110392,0.47555981129231667
13.89,97.7,5.0,35.52,35.72,0.0,50.37448560531413,81.40609460383126,95.7316094017432,47.325514394685875,1.9683905982568035,9.465102878937175,0.3936781196513607
16.22,100.0,5.0,46.95,33.5,0.0,57.67627328460119,85.12713749618108,102.82597939379775,42.32372671539881,-2.825979393797752,8.464745343079763,-0.5651958787595504
