r_kpc,vobs,verr,vgas,vdisk,vbul,v_bary,v_qds_component,v_model,res_bary,res_qds,res_bary_norm,res_qds_norm
0.87,26.6,4.4,0.0,6.92,0.0,6.92,26.938180241879103,27.81280199375758,19.68,-1.21280199375758,4.472727272727273,-0.2756368167630863
1.74,45.2,2.7,0.0,10.96,0.0,10.96,45.04032001312939,46.35463328390274,34.24,-1.15463328390274,12.681481481481482,-0.42764195700101476
2.61,57.0,3.9,8.65,14.33,0.0,16.738321301731546,57.20474468307964,59.60330707482873,40.261678698268454,-2.6033070748287273,10.323507358530373,-0.6675146345714685
3.5,69.3,3.0,16.06,16.78,0.0,23.226967085695886,65.53143207071632,69.52597060982973,46.07303291430411,-0.22597060982973005,15.35767763810137,-0.07532353660991002
4.37,77.3,3.4,18.32,18.48,0.0,26.021775496687386,70.97453058562269,75.59442302081213,51.278224503312615,1.7055769791878674,15.081830736268417,0.5016402879964316
5.24,80.7,3.9,22.41,20.02,0.0,30.05009983344481,74.63222866399322,80.45481996347124,50.64990016655519,0.2451800365287653,12.987153888860306,0.06286667603301674
6.11,84.0,3.0,23.49,21.36,0.0,31.749483460365145,77.09015868232314,83.37219120105793,52.25051653963486,0.6278087989420698,17.41683884654495,0.20926959964735659
6.98,85.0,3.0,25.65,22.68,0.0,34.23893835970969,78.74185869844331,85.86375959207477,50.76106164029031,-0.8637595920747714,16.92035388009677,-0.2879198640249238
7.85,85.7,3.4,24.46,24.0,0.0,34.26793836810146,79.85178165105245,86.89418066158031,51.43206163189854,-1.1941806615803046,15.127076950558395,-0.3512296063471484
