r_kpc,vobs,verr,vgas,vdisk,vbul,v_bary,v_qds_component,v_model,res_bary,res_qds,res_bary_norm,res_qds_norm
0.7,41.3,3.05,2.87,20.97,0.0,21.16548605631347,39.55288014933163,44.85987213654751,20.134513943686528,-3.5598721365475114,6.601479981536567,-1.1671711923106596
1.4,68.7,3.07,6.75,32.22,0.0,32.91946080967912,58.534004732022204,67.15594247695729,35.78053919032088,1.54405752304271,11.654898759062176,0.5029503332386678
2.09,83.8,3.05,14.14,40.91,0.0,43.284728253738635,67.55428597440779,80.23184687835665,40.51527174626136,3.5681531216433484,13.283695654511924,1.169886269391262
2.79,88.7,3.05,20.18,46.75,0.0,50.91949430228073,71.97166516154292,88.16300520130453,37.78050569771927,0.5369947986954742,12.387051048432548,0.17606386842474564
3.49,90.1,3.05,24.08,50.1,0.0,55.58647677268276,74.09153163810372,92.6251124721591,34.513523227317236,-2.5251124721591083,11.315909254858111,-0.8279057285767568
4.19,91.6,3.05,26.71,49.34,0.0,56.10579025376971,75.10883934207757,93.7507197162455,35.49420974623028,-2.1507197162455043,11.63744581843616,-0.7051540053263949
4.89,92.7,3.05,28.08,47.94,0.0,55.558347707612754,75.59703752625927,93.81706711865732,37.14165229238725,-1.1170671186573173,12.177590915536804,-0.36625151431387454
5.59,91.5,3.05,29.25,45.47,0.0,54.06554725516057,75.8313200998673,93.1314796837704,37.43445274483943,-1.6314796837703938,12.273591063881781,-0.534911371727998
