r_kpc,vobs,verr,vgas,vdisk,vbul,v_bary,v_qds_component,v_model,res_bary,res_qds,res_bary_norm,res_qds_norm
0.08,5.11,2.79,1.47,3.91,0.0,4.177200019151585,2.1320675546812553,4.6898520294061,0.9327999808484151,0.4201479705939004,0.33433691069835664,0.1505906704637636
0.24,10.8,1.94,4.46,8.92,0.0,9.972863179649062,6.018387402172676,11.648132336243041,0.8271368203509386,-0.8481323362430402,0.4263591857479065,-0.43718161662012384
0.4,17.3,1.56,7.28,9.95,0.0,12.328864505703677,9.450294863599886,15.534122859337193,4.971135494296323,1.7658771406628073,3.186625316856617,1.1319725260659022
0.57,20.8,1.25,9.38,9.7,0.0,13.493494728942537,12.658114936184143,18.501412749778005,7.306505271057464,2.2985872502219955,5.845204216845971,1.8388698001775965
0.73,20.8,1.62,10.63,9.13,0.0,14.012630017238022,15.313664673608278,20.757218641612805,6.7873699827619784,0.04278135838719521,4.18973455726048,0.026408245918021735
0.89,22.9,1.76,11.34,8.44,0.0,14.136095642008085,17.6587112255383,22.619886872991923,8.763904357991914,0.2801131270080752,4.979491112495405,0.15915518580004273
1.05,24.3,2.23,11.95,7.79,0.0,14.26487294019824,19.729560531510295,24.346296612966185,10.035127059801761,-0.04629661296618437,4.500056977489579,-0.020760812989320344
1.21,24.2,1.23,12.36,7.22,0.0,14.3142586255803,21.55827341762133,25.877734691215117,9.8857413744197,-1.677734691215118,8.037188109284308,-1.3640119440773317
