r_kpc,vobs,verr,vgas,vdisk,vbul,v_bary,v_qds_component,v_model,res_bary,res_qds,res_bary_norm,res_qds_norm
4.51,69.75,4.15,19.36,43.61,0.0,47.714166659389534,57.07683683071481,74.39359517189664,22.035833340610466,-4.643595171896635,5.309839359183244,-1.1189385956377433
9.01,97.7,1.63,33.73,40.02,0.0,52.33844953760094,82.87429493860667,98.01766198788444,45.361550462399066,-0.3176619878844349,27.829172062821513,-0.1948846551438251
13.51,108.0,0.99,39.28,33.41,0.0,51.56691284147229,94.57169819432546,107.71700236897878,56.43308715852771,0.28299763102121744,57.003118341947186,0.2858561929507247
18.01,107.5,2.32,36.27,28.28,0.0,45.99207866578766,99.87567978641273,109.95645825870372,61.50792133421234,-2.4564582587037194,26.51203505785015,-1.0588182149584997
