r_kpc,vobs,verr,vgas,vdisk,vbul,v_bary,v_qds_component,v_model,res_bary,res_qds,res_bary_norm,res_qds_norm
0.56,16.9,3.93,3.56,6.92,0.0,7.782030583337488,15.168916262824514,17.048636912920106,9.117969416662511,-0.14863691292010728,2.320093999150766,-0.0378210974351418
1.11,27.4,3.93,3.93,11.04,0.0,11.718638999474297,24.002386001898955,26.710316991457717,15.681361000525701,0.689683008542282,3.99016819351799,0.17549185967996997
1.67,33.5,3.93,3.56,13.76,0.0,14.213064412715505,29.339579018941823,32.60095239419749,19.286935587284496,0.8990476058025081,4.907617197782314,0.2287652940973303
2.23,36.4,3.93,8.55,16.36,0.0,18.459471823429833,32.49058085279431,37.36830132815732,17.940528176570165,-0.9683013281573238,4.565019892257039,-0.24638710640135467
2.79,39.8,3.93,12.27,16.13,0.0,20.266469845535507,34.35088692102845,39.883746467217485,19.53353015446449,-0.08374646721748746,4.970363906988419,-0.021309533643126582
3.34,41.2,3.93,12.47,16.4,0.0,20.602448883567217,35.434217929944104,40.988348348119274,20.597551116432786,0.21165165188072876,5.2411071543085965,0.05385538215794625
3.9,42.6,3.93,13.27,17.86,0.0,22.250224717966333,36.08876782559321,42.39659966518036,20.34977528203367,0.2034003348196407,5.178059868201951,0.05175581038667702
4.46,44.5,3.93,15.66,16.94,0.0,23.069442992842287,36.47520465014729,43.15831037320769,21.430557007157713,1.3416896267923093,5.453067940752598,0.3413968516010965
