r_kpc,vobs,verr,vgas,vdisk,vbul,v_bary,v_qds_component,v_model,res_bary,res_qds,res_bary_norm,res_qds_norm
0.93,40.5,7.35,9.26,50.64,0.0,51.479677543667655,12.902703606321108,53.071997892980924,-10.979677543667655,-12.571997892980924,-1.4938336794105656,-1.7104759038069286
1.94,53.9,5.9,16.49,55.16,0.0,57.572091329045875,25.49191662475452,62.96335055572754,-3.6720913290458768,-9.063350555727538,-0.6223883608552333,-1.5361611111402607
2.87,73.0,4.7,21.98,56.07,0.0,60.22429161061174,35.90480008493922,70.11504809339755,12.775708389388257,2.8849519066024527,2.718235827529416,0.6138195545962665
3.72,78.4,3.9,25.0,55.82,0.0,61.16267162248556,44.52982263079903,75.65565083673805,17.237328377514444,2.7443491632619583,4.419827789106268,0.7036792726312714
4.47,79.3,5.3,28.23,53.8,0.0,60.75666959272866,51.495630047819276,79.64403815742813,18.543330407271334,-0.3440381574281304,3.4987415862776103,-0.06491285989210008
5.16,81.1,5.1,30.82,51.88,0.0,60.34407013120677,57.4137534440296,83.29313227710807,20.755929868793224,-2.1931322771080772,4.069790170351613,-0.4300259366878583
