r_kpc,vobs,verr,vgas,vdisk,vbul,v_bary,v_qds_component,v_model,res_bary,res_qds,res_bary_norm,res_qds_norm
0.87,24.8,6.5,2.79,20.37,0.0,20.560179960301905,18.855087668724362,27.89686955547668,4.239820039698095,-3.0968695554766796,0.6522800061073993,-0.4764414700733353
1.74,46.2,5.6,5.75,32.61,0.0,33.1130578473206,33.368019488333275,47.009566309143814,13.086942152679406,-0.8095663091438112,2.3369539558356083,-0.14456541234710915
2.61,60.5,5.8,9.11,37.1,0.0,38.202121668828816,44.53875460774556,58.67795805930006,22.297878331171184,1.8220419406999397,3.844461781236411,0.3141451621896448
3.5,69.6,3.9,13.36,42.69,0.0,44.73170799332393,53.30937071943566,69.59033486413342,24.868292006676064,0.009665135866569585,6.37648512991694,0.0024782399657870733
4.37,77.5,3.7,16.6,44.26,0.0,47.27057858753159,59.88779333366538,76.29584123905978,30.22942141246841,1.2041587609402171,8.170113895261732,0.32544831376762623
5.24,82.9,4.5,20.91,44.12,0.0,48.824199942241755,64.95126482519561,81.25558013079898,34.07580005775825,1.6444198692010303,7.572400012835167,0.365426637600229
6.11,84.1,4.9,23.38,43.61,0.0,49.48188052206585,68.84866471101027,84.78558328211885,34.618119477934144,-0.6855832821188557,7.064922342435539,-0.13991495553446032
6.98,85.6,4.9,23.92,43.31,0.0,49.47648431325735,71.84852871643746,87.23607956984735,36.12351568674264,-1.6360795698473538,7.372146058518906,-0.3338937897647661
7.85,87.6,4.9,25.86,40.62,0.0,48.1531307393403,74.15755122239375,88.41983037363255,39.446869260659696,-0.8198303736325556,8.050381481767284,-0.16731232114950115
