r_kpc,vobs,verr,vgas,vdisk,vbul,v_bary,v_qds_component,v_model,res_bary,res_qds,res_bary_norm,res_qds_norm
0.91,26.0,4.1,-3.26,30.14,0.0,30.315791264619833,16.72208739137135,34.621892015380396,-4.315791264619833,-8.621892015380396,-1.0526320157609348,-2.1029004915561944
1.82,45.1,3.02,5.75,35.45,0.0,35.91329837260844,28.99892112759571,46.159532347766664,9.186701627391564,-1.0595323477666625,3.041954181255485,-0.35083852575055047
2.73,57.0,2.97,15.79,36.37,0.0,39.64972887675274,38.01218861384679,54.9274747573076,17.35027112324726,2.0725252426924,5.841842129039481,0.6978199470344781
3.63,62.0,2.85,22.36,38.25,0.0,44.306118087686265,44.567282831878735,62.84325579580257,17.693881912313735,-0.8432557958025697,6.208379618355696,-0.29587922659739285
4.55,66.9,2.75,25.59,37.1,0.0,45.06948080464207,49.48763259619019,66.93492272331018,21.830519195357937,-0.03492272331017432,7.9383706164937955,-0.012699172112790662
5.45,70.6,2.86,27.95,35.74,0.0,45.371247503237115,53.02085283370589,69.78367241134202,25.22875249676288,0.8163275886579697,8.821242131735273,0.2854292268034859
6.37,72.8,2.66,28.63,34.29,0.0,44.670807022036215,55.672939712197845,71.37896900486876,28.129192977963783,1.4210309951312325,10.574884578181873,0.534222178620764
7.28,73.3,2.66,31.18,33.63,0.0,45.86032381045734,57.59541907878838,73.62337671460921,27.43967618954266,-0.3233767146092106,10.315667740429571,-0.12157019346210923
8.18,74.3,2.67,32.26,33.14,0.0,46.248969718254266,58.993583884109725,74.96139099224007,28.05103028174573,-0.6613909922400723,10.506003850841099,-0.24771198211238663
