r_kpc,vobs,verr,vgas,vdisk,vbul,v_bary,v_qds_component,v_model,res_bary,res_qds,res_bary_norm,res_qds_norm
0.95,46.8,5.66,3.86,27.74,0.0,28.0072704846438,26.179310777598353,38.33749486847148,18.792729515356196,8.462505131528516,3.3202702323950875,1.4951422493866635
1.9,63.0,5.66,4.52,51.06,0.0,51.25967225802366,40.48708107561705,65.3204235597381,11.740327741976337,-2.320423559738103,2.0742628519392823,-0.4099688268088521
2.86,66.8,5.66,4.73,51.26,0.0,51.47776704558969,48.36644743999238,70.63479127147998,15.32223295441031,-3.834791271479986,2.70710829583221,-0.6775249596254392
3.81,69.6,5.66,12.72,49.4,0.0,51.01135559853316,52.613009738640685,73.28224337285465,18.588644401466837,-3.682243372854657,3.284212791778593,-0.650573034073261
4.76,73.4,5.66,18.24,44.13,0.0,47.750963341067795,54.93388206570276,72.78657773799054,25.64903665893221,0.6134222620094647,4.53163191853926,0.10837849152110683
5.72,74.7,5.66,23.64,39.21,0.0,45.78508163146594,56.21199898881236,72.49870709411474,28.91491836853406,2.2012929058852677,5.108642821295771,0.38892100810693775
6.67,76.1,5.66,29.52,35.32,0.0,46.03186722261003,56.900836502889796,73.18905652301166,30.068132777389962,2.9109434769883364,5.312390950068898,0.5143009676657838
