r_kpc,vobs,verr,vgas,vdisk,vbul,v_bary,v_qds_component,v_model,res_bary,res_qds,res_bary_norm,res_qds_norm
1.1,33.2,5.06,3.45,21.28,0.0,21.557850078335733,27.162069537950707,34.67735459322798,11.64214992166427,-1.4773545932279788,2.3008201426213972,-0.29196731091462036
2.21,54.6,5.06,6.51,35.54,0.0,36.13131190532666,41.12649198017783,54.74358448800765,18.46868809467334,-0.14358448800764734,3.649938358631095,-0.028376381029179318
3.31,65.7,5.06,11.85,39.59,0.0,41.32542316782734,48.17223115579043,63.46931900160034,24.374576832172664,2.230680998399663,4.817110045883926,0.44084604711455794
4.42,69.2,5.06,18.75,38.75,0.0,43.047938394306414,51.79455007109007,67.34835125722572,26.15206160569359,1.8516487427742874,5.168391621678575,0.3659384867142861
5.52,70.9,5.06,26.75,39.1,0.0,47.37480870673781,53.62218844236373,71.55215994886784,23.525191293262196,-0.6521599488678334,4.649247291158537,-0.1288853653888999
6.64,72.4,5.06,30.8,37.98,0.0,48.8990838359984,54.56770437869926,73.2717869385012,23.50091616400161,-0.871786938501188,4.644449834782927,-0.1722899087947012
7.74,73.2,5.06,30.9,35.45,0.0,47.02672112746114,55.03890106210673,72.39332241391034,26.173278872538866,0.8066775860896627,5.172584757418749,0.15942244784380685
